-- Generation time: Fri, 11 Oct 2019 13:41:11 +0000
-- Host: mysql.hostinger.ro
-- DB name: u574849695_23
/*!40030 SET NAMES UTF8 */;
/*!40101 SET @OLD_CHARACTER_SET_CLIENT=@@CHARACTER_SET_CLIENT */;
/*!40101 SET @OLD_CHARACTER_SET_RESULTS=@@CHARACTER_SET_RESULTS */;
/*!40101 SET @OLD_COLLATION_CONNECTION=@@COLLATION_CONNECTION */;
/*!40103 SET @OLD_TIME_ZONE=@@TIME_ZONE */;
/*!40103 SET TIME_ZONE='+00:00' */;
/*!40014 SET @OLD_UNIQUE_CHECKS=@@UNIQUE_CHECKS, UNIQUE_CHECKS=0 */;
/*!40014 SET @OLD_FOREIGN_KEY_CHECKS=@@FOREIGN_KEY_CHECKS, FOREIGN_KEY_CHECKS=0 */;
/*!40101 SET @OLD_SQL_MODE=@@SQL_MODE, SQL_MODE='NO_AUTO_VALUE_ON_ZERO' */;
/*!40111 SET @OLD_SQL_NOTES=@@SQL_NOTES, SQL_NOTES=0 */;

DROP DATABASE IF EXISTS vk;
CREATE DATABASE vk;
USE vk;

DROP TABLE IF EXISTS `communities`;
CREATE TABLE `communities` (
                               `id` bigint(20) unsigned NOT NULL AUTO_INCREMENT,
                               `name` varchar(150) COLLATE utf8_unicode_ci DEFAULT NULL,
                               PRIMARY KEY (`id`),
                               KEY `communities_name_idx` (`name`)
) ENGINE=InnoDB AUTO_INCREMENT=101 DEFAULT CHARSET=utf8 COLLATE=utf8_unicode_ci;

INSERT INTO `communities` VALUES ('83','a'),
                                 ('61','ab'),
                                 ('32','accusantium'),
                                 ('67','adipisci'),
                                 ('18','animi'),
                                 ('35','aperiam'),
                                 ('20','aspernatur'),
                                 ('37','aspernatur'),
                                 ('39','assumenda'),
                                 ('24','at'),
                                 ('50','aut'),
                                 ('74','aut'),
                                 ('98','aut'),
                                 ('2','blanditiis'),
                                 ('15','commodi'),
                                 ('82','consequatur'),
                                 ('58','culpa'),
                                 ('11','cupiditate'),
                                 ('36','dicta'),
                                 ('90','distinctio'),
                                 ('92','dolorem'),
                                 ('51','dolores'),
                                 ('87','dolores'),
                                 ('69','eos'),
                                 ('16','error'),
                                 ('41','esse'),
                                 ('97','esse'),
                                 ('9','est'),
                                 ('26','est'),
                                 ('71','est'),
                                 ('4','et'),
                                 ('42','et'),
                                 ('56','et'),
                                 ('60','et'),
                                 ('63','et'),
                                 ('77','et'),
                                 ('86','eveniet'),
                                 ('31','exercitationem'),
                                 ('99','facilis'),
                                 ('14','id'),
                                 ('80','illo'),
                                 ('100','illo'),
                                 ('68','illum'),
                                 ('5','impedit'),
                                 ('65','impedit'),
                                 ('76','in'),
                                 ('30','incidunt'),
                                 ('62','inventore'),
                                 ('54','ipsum'),
                                 ('43','iure'),
                                 ('17','laudantium'),
                                 ('96','magni'),
                                 ('47','maiores'),
                                 ('6','maxime'),
                                 ('53','minus'),
                                 ('66','minus'),
                                 ('93','minus'),
                                 ('21','molestiae'),
                                 ('81','natus'),
                                 ('33','necessitatibus'),
                                 ('57','neque'),
                                 ('84','neque'),
                                 ('91','nihil'),
                                 ('48','nobis'),
                                 ('64','nobis'),
                                 ('22','non'),
                                 ('79','non'),
                                 ('72','numquam'),
                                 ('78','officia'),
                                 ('7','omnis'),
                                 ('19','omnis'),
                                 ('29','omnis'),
                                 ('70','perferendis'),
                                 ('75','possimus'),
                                 ('73','quam'),
                                 ('55','quasi'),
                                 ('27','qui'),
                                 ('94','qui'),
                                 ('46','quidem'),
                                 ('88','quidem'),
                                 ('3','quo'),
                                 ('59','quo'),
                                 ('85','reprehenderit'),
                                 ('1','rerum'),
                                 ('23','rerum'),
                                 ('34','sapiente'),
                                 ('95','sed'),
                                 ('40','temporibus'),
                                 ('12','unde'),
                                 ('8','ut'),
                                 ('13','ut'),
                                 ('45','ut'),
                                 ('52','vel'),
                                 ('38','velit'),
                                 ('44','vero'),
                                 ('10','voluptas'),
                                 ('25','voluptas'),
                                 ('49','voluptate'),
                                 ('89','voluptatem'),
                                 ('28','voluptatibus');


DROP TABLE IF EXISTS `friend_requests`;
CREATE TABLE `friend_requests` (
                                   `initiator_user_id` bigint(20) unsigned NOT NULL,
                                   `target_user_id` bigint(20) unsigned NOT NULL,
                                   `status` enum('requested','approved','unfriended','declined') COLLATE utf8_unicode_ci DEFAULT NULL,
                                   `requested_at` datetime DEFAULT current_timestamp(),
                                   `confirmed_at` datetime DEFAULT NULL,
                                   PRIMARY KEY (`initiator_user_id`,`target_user_id`),
                                   KEY `initiator_user_id` (`initiator_user_id`),
                                   KEY `target_user_id` (`target_user_id`),
                                   CONSTRAINT `friend_requests_ibfk_1` FOREIGN KEY (`initiator_user_id`) REFERENCES `users` (`id`),
                                   CONSTRAINT `friend_requests_ibfk_2` FOREIGN KEY (`target_user_id`) REFERENCES `users` (`id`)
) ENGINE=InnoDB DEFAULT CHARSET=utf8 COLLATE=utf8_unicode_ci;

INSERT INTO `friend_requests` VALUES ('1','1','requested','2011-05-19 15:45:13','1993-04-30 23:55:08'),
                                     ('2','2','requested','2019-05-24 08:54:53','1983-05-06 07:34:57'),
                                     ('3','3','approved','2006-07-15 13:23:40','2002-09-11 03:14:57'),
                                     ('4','4','approved','1983-05-12 21:22:02','2009-11-11 23:14:20'),
                                     ('5','5','approved','1987-04-14 21:13:06','1970-11-01 20:28:37'),
                                     ('6','6','requested','1985-01-14 04:06:04','1991-05-25 04:10:39'),
                                     ('7','7','approved','1978-12-28 15:53:16','1975-11-21 00:16:30'),
                                     ('8','8','approved','1997-12-22 00:15:17','2008-05-07 20:20:06'),
                                     ('9','9','requested','2009-02-04 17:50:09','1993-12-06 14:13:53'),
                                     ('10','10','declined','2013-10-01 21:41:24','2014-11-13 05:47:01'),
                                     ('11','11','requested','1995-12-20 05:42:32','2009-07-22 01:37:31'),
                                     ('12','12','requested','1974-10-10 16:49:15','1986-05-02 02:21:04'),
                                     ('13','13','approved','1986-12-26 07:58:53','2017-03-17 14:57:16'),
                                     ('14','14','requested','2014-11-03 18:25:44','1986-02-09 17:17:54'),
                                     ('15','15','approved','1984-12-07 10:51:00','1976-09-21 21:15:56'),
                                     ('16','16','declined','1977-12-26 06:49:22','2008-12-28 13:42:25'),
                                     ('17','17','declined','1993-11-17 09:48:17','1989-09-01 22:30:23'),
                                     ('18','18','requested','2001-04-07 09:49:30','1992-04-21 09:28:50'),
                                     ('19','19','requested','2018-01-24 17:03:00','2003-05-21 10:13:46'),
                                     ('20','20','unfriended','1973-09-04 05:56:47','2006-02-06 05:58:09'),
                                     ('21','21','unfriended','1972-05-19 15:59:00','1988-07-25 10:27:55'),
                                     ('22','22','approved','2010-06-12 16:22:38','2010-09-11 20:36:30'),
                                     ('23','23','requested','1996-07-25 12:14:43','1970-01-19 07:14:51'),
                                     ('24','24','unfriended','1971-05-13 23:29:26','1971-09-24 03:43:44'),
                                     ('25','25','requested','2012-12-16 10:27:35','1990-10-18 08:55:23'),
                                     ('26','26','declined','2003-03-04 23:19:13','1981-10-20 15:04:36'),
                                     ('27','27','requested','2011-03-03 04:37:27','2012-10-20 22:11:13'),
                                     ('28','28','requested','1996-05-08 19:16:41','1982-03-11 06:41:00'),
                                     ('29','29','declined','1997-05-19 22:05:26','1981-06-07 03:21:13'),
                                     ('30','30','requested','2012-05-09 04:55:23','2019-04-26 12:07:33'),
                                     ('31','31','requested','2001-01-17 14:29:49','1994-05-17 17:58:36'),
                                     ('32','32','requested','1992-04-28 17:43:16','2002-01-06 18:06:43'),
                                     ('33','33','unfriended','1995-01-17 13:26:51','1976-02-15 10:43:18'),
                                     ('34','34','approved','2001-11-17 00:13:06','1971-10-18 01:48:53'),
                                     ('35','35','approved','1980-04-05 21:39:00','1970-03-26 04:25:24'),
                                     ('36','36','unfriended','2000-02-24 03:18:52','2012-01-24 02:03:25'),
                                     ('37','37','requested','1981-02-26 21:10:08','2004-07-22 00:24:47'),
                                     ('38','38','requested','2019-08-09 21:34:20','1992-12-10 02:23:12'),
                                     ('39','39','unfriended','1974-02-16 07:18:33','1996-06-10 06:05:19'),
                                     ('40','40','requested','1997-04-06 19:37:45','1999-11-07 19:06:00'),
                                     ('41','41','declined','1986-02-25 13:02:39','1975-08-03 18:46:52'),
                                     ('42','42','unfriended','1971-08-27 01:22:16','1981-11-25 13:41:31'),
                                     ('43','43','declined','1973-04-06 02:50:49','1975-10-12 13:21:48'),
                                     ('44','44','requested','1999-01-30 00:49:11','1981-06-11 04:17:11'),
                                     ('45','45','requested','1979-05-26 01:26:12','1983-04-07 14:08:31'),
                                     ('46','46','approved','1987-12-23 09:31:21','1996-07-23 12:42:18'),
                                     ('47','47','approved','1987-02-04 20:45:40','1987-10-31 04:09:40'),
                                     ('48','48','unfriended','2000-09-07 05:57:42','1986-01-18 02:18:51'),
                                     ('49','49','approved','1994-11-21 05:20:20','1975-04-29 04:44:38'),
                                     ('50','50','approved','2002-01-25 19:33:39','2009-04-06 05:12:50'),
                                     ('51','51','unfriended','2018-04-26 18:36:31','1974-09-20 15:14:00'),
                                     ('52','52','declined','1984-08-21 10:00:19','2019-01-22 00:47:59'),
                                     ('53','53','unfriended','1989-12-21 17:00:14','2001-10-20 11:48:43'),
                                     ('54','54','requested','1970-12-20 04:07:27','1982-07-06 04:28:46'),
                                     ('55','55','requested','1986-04-20 20:52:53','2014-01-31 14:39:28'),
                                     ('56','56','requested','1993-10-10 14:25:31','1973-05-16 16:16:15'),
                                     ('57','57','requested','1992-06-29 23:42:19','2013-01-17 07:10:58'),
                                     ('58','58','declined','1978-02-15 04:42:27','2008-09-04 16:13:30'),
                                     ('59','59','requested','2013-03-23 04:49:42','2004-04-15 17:10:53'),
                                     ('60','60','requested','2019-05-03 13:38:17','1981-10-26 05:58:59'),
                                     ('61','61','unfriended','1995-12-19 21:25:52','1971-09-25 23:07:20'),
                                     ('62','62','declined','1996-04-14 19:54:57','2005-01-14 20:26:33'),
                                     ('63','63','declined','2012-01-13 03:50:58','2010-04-16 03:37:46'),
                                     ('64','64','requested','1997-08-18 23:46:10','1975-04-20 09:23:38'),
                                     ('65','65','approved','1974-06-22 10:28:32','1989-04-27 22:22:30'),
                                     ('66','66','declined','2004-12-20 21:50:21','1985-07-20 16:08:05'),
                                     ('67','67','requested','1985-09-02 04:19:02','2000-01-16 19:27:05'),
                                     ('68','68','approved','2007-10-16 12:47:32','1974-12-10 05:30:13'),
                                     ('69','69','approved','2018-10-01 01:29:15','1983-04-19 22:15:14'),
                                     ('70','70','approved','2003-10-25 12:10:24','2011-06-26 23:10:19'),
                                     ('71','71','declined','2014-01-14 16:30:23','2010-09-24 01:39:54'),
                                     ('72','72','approved','1983-02-08 13:07:56','1984-07-09 10:17:31'),
                                     ('73','73','approved','1986-02-23 11:10:44','2015-02-04 08:49:54'),
                                     ('74','74','approved','1987-12-20 04:42:56','1988-06-20 05:45:27'),
                                     ('75','75','approved','2010-11-19 14:04:59','1976-11-14 11:43:54'),
                                     ('76','76','approved','2015-08-10 10:25:10','2015-04-22 00:15:11'),
                                     ('77','77','requested','1990-01-24 05:04:00','1996-10-13 21:49:06'),
                                     ('78','78','approved','1993-04-07 10:23:01','2013-05-05 12:16:12'),
                                     ('79','79','approved','1994-11-27 13:54:31','2014-12-13 05:47:48'),
                                     ('80','80','requested','2011-02-15 07:13:39','1982-01-28 00:11:44'),
                                     ('81','81','requested','1984-12-29 08:54:43','1991-05-21 23:01:53'),
                                     ('82','82','unfriended','1989-05-19 09:29:07','2005-07-20 21:14:21'),
                                     ('83','83','unfriended','2004-01-09 14:47:39','2019-03-13 03:40:14'),
                                     ('84','84','approved','1988-05-25 07:10:15','1973-04-08 03:47:11'),
                                     ('85','85','declined','2005-07-14 14:46:11','1993-12-17 12:31:37'),
                                     ('86','86','approved','1970-06-19 02:29:47','2008-05-10 09:32:30'),
                                     ('87','87','declined','1970-09-27 12:59:45','1971-08-02 06:32:50'),
                                     ('88','88','approved','1990-07-25 16:54:52','1990-11-29 18:45:56'),
                                     ('89','89','approved','1992-08-31 08:07:59','1985-06-01 19:49:46'),
                                     ('90','90','unfriended','1973-06-09 23:11:15','2010-08-08 18:36:41'),
                                     ('91','91','unfriended','1987-03-20 12:39:56','2011-03-27 13:42:21'),
                                     ('92','92','requested','1993-02-14 02:14:42','1987-06-19 14:26:21'),
                                     ('93','93','approved','1971-01-17 19:51:24','2009-03-18 02:59:22'),
                                     ('94','94','declined','2018-05-23 08:56:42','2005-07-26 01:37:23'),
                                     ('95','95','unfriended','1978-04-17 10:51:16','2011-07-09 01:08:45'),
                                     ('96','96','approved','1995-03-13 08:44:15','2015-01-10 15:47:29'),
                                     ('97','97','requested','1992-11-27 09:04:12','1970-02-22 09:52:59'),
                                     ('98','98','unfriended','1971-05-21 05:17:23','2000-11-23 02:03:36'),
                                     ('99','99','declined','1989-01-21 05:02:45','2016-04-23 01:45:18'),
                                     ('100','100','requested','1990-02-05 16:58:47','1998-08-02 23:38:09');


DROP TABLE IF EXISTS `likes`;
CREATE TABLE `likes` (
                         `id` bigint(20) unsigned NOT NULL AUTO_INCREMENT,
                         `user_id` bigint(20) unsigned NOT NULL,
                         `media_id` bigint(20) unsigned NOT NULL,
                         `created_at` datetime DEFAULT current_timestamp(),
                         PRIMARY KEY (`id`),
                         KEY `user_id` (`user_id`),
                         KEY `media_id` (`media_id`),
                         CONSTRAINT `likes_ibfk_1` FOREIGN KEY (`user_id`) REFERENCES `users` (`id`),
                         CONSTRAINT `likes_ibfk_2` FOREIGN KEY (`media_id`) REFERENCES `media` (`id`)
) ENGINE=InnoDB AUTO_INCREMENT=101 DEFAULT CHARSET=utf8 COLLATE=utf8_unicode_ci;

INSERT INTO `likes` VALUES ('1','1','1','1992-05-01 07:43:51'),
                           ('2','2','2','1997-10-06 12:23:45'),
                           ('3','3','3','1975-12-01 23:56:50'),
                           ('4','4','4','1992-08-05 16:03:24'),
                           ('5','5','5','1991-07-01 01:39:13'),
                           ('6','6','6','2003-07-25 14:13:46'),
                           ('7','7','7','1981-02-15 08:51:18'),
                           ('8','8','8','1993-03-16 12:31:57'),
                           ('9','9','9','2007-06-11 01:14:33'),
                           ('10','10','10','2003-04-28 06:49:06'),
                           ('11','11','11','1991-07-25 12:55:20'),
                           ('12','12','12','2002-04-17 11:58:12'),
                           ('13','13','13','1981-09-13 10:21:21'),
                           ('14','14','14','2000-04-08 05:00:21'),
                           ('15','15','15','1976-06-25 18:08:36'),
                           ('16','16','16','2011-04-09 14:51:01'),
                           ('17','17','17','1981-03-01 23:05:49'),
                           ('18','18','18','2003-03-04 14:17:20'),
                           ('19','19','19','1996-08-29 18:27:12'),
                           ('20','20','20','2016-03-21 06:12:18'),
                           ('21','21','21','1974-02-16 16:58:09'),
                           ('22','22','22','2003-04-04 00:42:50'),
                           ('23','23','23','1980-11-15 21:53:47'),
                           ('24','24','24','2001-07-18 07:21:05'),
                           ('25','25','25','2019-04-22 20:42:51'),
                           ('26','26','26','1982-01-04 19:04:23'),
                           ('27','27','27','2012-07-31 20:49:16'),
                           ('28','28','28','1992-06-29 00:15:08'),
                           ('29','29','29','2013-09-29 05:35:55'),
                           ('30','30','30','2002-09-26 06:50:26'),
                           ('31','31','31','2001-04-13 02:14:13'),
                           ('32','32','32','1978-11-09 06:31:39'),
                           ('33','33','33','2016-04-23 12:36:19'),
                           ('34','34','34','2006-12-06 14:00:42'),
                           ('35','35','35','1970-01-03 23:16:16'),
                           ('36','36','36','2016-10-31 22:31:20'),
                           ('37','37','37','1988-04-11 10:02:47'),
                           ('38','38','38','2018-06-14 01:30:56'),
                           ('39','39','39','2002-08-17 22:16:31'),
                           ('40','40','40','2015-07-10 22:41:17'),
                           ('41','41','41','1970-11-20 09:25:33'),
                           ('42','42','42','2019-01-08 01:24:35'),
                           ('43','43','43','1980-03-01 08:01:04'),
                           ('44','44','44','1982-05-12 23:06:51'),
                           ('45','45','45','1974-02-01 21:33:14'),
                           ('46','46','46','1986-10-06 00:17:28'),
                           ('47','47','47','1998-09-26 21:06:45'),
                           ('48','48','48','1976-02-22 22:48:03'),
                           ('49','49','49','2019-08-18 07:26:13'),
                           ('50','50','50','2018-09-26 00:06:51'),
                           ('51','51','51','2011-04-20 23:08:11'),
                           ('52','52','52','1982-08-08 05:08:20'),
                           ('53','53','53','2002-06-03 11:59:00'),
                           ('54','54','54','2017-12-14 22:04:31'),
                           ('55','55','55','2001-03-14 13:20:35'),
                           ('56','56','56','2012-08-27 13:57:24'),
                           ('57','57','57','1977-10-18 20:01:11'),
                           ('58','58','58','1992-10-27 16:21:53'),
                           ('59','59','59','1994-12-20 20:48:34'),
                           ('60','60','60','2018-07-28 21:40:20'),
                           ('61','61','61','2018-08-25 03:19:48'),
                           ('62','62','62','2018-11-19 01:22:43'),
                           ('63','63','63','1985-07-23 20:37:12'),
                           ('64','64','64','1992-10-03 12:12:03'),
                           ('65','65','65','1981-06-27 06:02:49'),
                           ('66','66','66','2013-05-15 15:22:18'),
                           ('67','67','67','1975-08-29 20:38:03'),
                           ('68','68','68','1989-07-27 10:36:24'),
                           ('69','69','69','1978-11-24 16:51:09'),
                           ('70','70','70','2004-07-18 14:29:15'),
                           ('71','71','71','1978-10-25 18:58:37'),
                           ('72','72','72','2008-03-27 02:18:24'),
                           ('73','73','73','1970-12-01 20:19:13'),
                           ('74','74','74','2012-02-13 02:34:08'),
                           ('75','75','75','2001-08-03 08:39:43'),
                           ('76','76','76','2012-01-01 23:56:07'),
                           ('77','77','77','2001-09-16 04:16:46'),
                           ('78','78','78','2002-07-21 18:20:38'),
                           ('79','79','79','1979-12-06 21:55:11'),
                           ('80','80','80','1971-01-18 13:44:36'),
                           ('81','81','81','2011-06-20 06:32:11'),
                           ('82','82','82','2005-01-29 00:03:04'),
                           ('83','83','83','2009-12-17 04:23:13'),
                           ('84','84','84','2014-03-11 05:42:27'),
                           ('85','85','85','1999-04-07 06:01:42'),
                           ('86','86','86','1984-02-12 05:24:16'),
                           ('87','87','87','1990-07-06 12:13:43'),
                           ('88','88','88','1972-10-24 17:20:47'),
                           ('89','89','89','1993-11-11 10:44:12'),
                           ('90','90','90','2017-02-02 23:10:03'),
                           ('91','91','91','1979-05-10 19:57:48'),
                           ('92','92','92','2006-11-18 22:37:30'),
                           ('93','93','93','1995-08-04 04:38:39'),
                           ('94','94','94','1981-04-14 20:59:37'),
                           ('95','95','95','2015-09-10 14:52:56'),
                           ('96','96','96','1973-09-03 12:43:53'),
                           ('97','97','97','2001-08-23 02:03:51'),
                           ('98','98','98','1977-11-19 15:57:34'),
                           ('99','99','99','1984-03-10 14:35:57'),
                           ('100','100','100','1974-07-25 00:57:27');


DROP TABLE IF EXISTS `media`;
CREATE TABLE `media` (
                         `id` bigint(20) unsigned NOT NULL AUTO_INCREMENT,
                         `media_type_id` bigint(20) unsigned NOT NULL,
                         `user_id` bigint(20) unsigned NOT NULL,
                         `body` text COLLATE utf8_unicode_ci DEFAULT NULL,
                         `filename` varchar(255) COLLATE utf8_unicode_ci DEFAULT NULL,
                         `size` int(11) DEFAULT NULL,
                         `metadata` longtext CHARACTER SET utf8mb4 COLLATE utf8mb4_bin DEFAULT NULL,
                         `created_at` datetime DEFAULT current_timestamp(),
                         `updated_at` datetime DEFAULT current_timestamp() ON UPDATE current_timestamp(),
                         PRIMARY KEY (`id`),
                         KEY `user_id` (`user_id`),
                         KEY `media_type_id` (`media_type_id`),
                         CONSTRAINT `media_ibfk_1` FOREIGN KEY (`user_id`) REFERENCES `users` (`id`),
                         CONSTRAINT `media_ibfk_2` FOREIGN KEY (`media_type_id`) REFERENCES `media_types` (`id`)
) ENGINE=InnoDB AUTO_INCREMENT=101 DEFAULT CHARSET=utf8 COLLATE=utf8_unicode_ci;

INSERT INTO `media` VALUES ('1','1','1','Qui ad exercitationem iste facere tempora eligendi. Beatae aut voluptatem eveniet eaque. Consequuntur voluptatibus laudantium voluptatem vel numquam. Laudantium et dolorum saepe accusantium. Rerum ab aut magnam perspiciatis illum velit.','est','390145793',NULL,'2013-11-20 12:53:57','2005-08-30 12:25:45'),
                           ('2','2','2','Sint unde voluptatem provident sint dignissimos et tenetur. Vel dolor ex praesentium reprehenderit delectus sit voluptate debitis. Ad sed nam est id voluptates consequatur incidunt.','quia','309332',NULL,'1972-07-08 13:41:13','1973-09-01 15:04:06'),
                           ('3','3','3','Et illo aut aut exercitationem nesciunt quo iusto. Nobis sint est itaque aut impedit sed aliquam rerum. Molestiae sunt et eos rerum laboriosam tempore.','error','5553',NULL,'1977-12-05 14:28:02','1976-12-02 15:19:57'),
                           ('4','4','4','Minus molestias deleniti non repudiandae natus non. Sequi quasi aliquid neque sint. Voluptas voluptate ipsam quis sed. Quis corporis nisi veniam.','eos','5753',NULL,'2006-06-25 07:39:47','1997-09-27 04:33:36'),
                           ('5','5','5','Reprehenderit et porro maxime magnam qui. Est fugiat excepturi aut est. Modi ullam tenetur rem consequatur sunt et. Ipsum voluptas expedita expedita laborum aspernatur qui.','dolor','51',NULL,'1981-11-11 23:55:35','1995-05-21 14:30:02'),
                           ('6','6','6','Corrupti repudiandae sit sint aperiam cupiditate harum. Beatae accusantium officiis neque quis officiis.','est','0',NULL,'2006-02-10 19:05:25','2011-05-01 09:09:47'),
                           ('7','7','7','Distinctio sit nostrum magni accusantium quod enim aut asperiores. Aperiam dolorum quis et ducimus sint corporis. Eum mollitia recusandae reprehenderit earum illum non. Sunt aut non consequatur.','natus','12134313',NULL,'2004-11-15 13:14:19','1977-10-06 11:41:23'),
                           ('8','8','8','Fuga veritatis aspernatur et impedit qui deleniti necessitatibus. Culpa deleniti aliquid saepe. Nam rerum velit est quibusdam quia corporis.','aut','0',NULL,'1989-02-18 07:53:23','2007-10-30 06:04:15'),
                           ('9','9','9','Maxime quis ea molestiae nihil perspiciatis. Alias illo consequatur accusantium autem provident atque. Ut sint qui asperiores.','atque','806693',NULL,'1991-07-10 04:39:08','1980-12-02 10:16:32'),
                           ('10','10','10','Molestiae animi deserunt aut quibusdam tempore. Rem voluptatem voluptas et amet deleniti ad. Quos provident in distinctio nesciunt nesciunt itaque dolorem sapiente. Vel et neque ipsum blanditiis explicabo.','velit','8',NULL,'1978-07-07 21:42:14','2007-11-04 14:47:08'),
                           ('11','1','11','Quibusdam consequatur libero quia et vel voluptas. Veritatis atque natus et non quis modi ullam quo. Et repellat repellendus ipsum autem ut. Eos dicta rerum voluptas quidem ut quo.','et','61328313',NULL,'1975-12-13 19:25:23','2013-05-18 21:22:03'),
                           ('12','2','12','Voluptatem quos odio animi numquam earum. Et soluta magni dolorum eligendi assumenda laudantium molestias. Nemo voluptatum ut id.','maiores','99533389',NULL,'2001-09-07 11:40:31','2012-10-03 21:55:11'),
                           ('13','3','13','Id et eum quisquam enim. Possimus voluptate voluptatem iusto. Est voluptatem aut aut quo dolor ut.','cupiditate','18',NULL,'1975-11-07 23:14:46','1991-11-21 21:03:26'),
                           ('14','4','14','Ut eligendi et ut blanditiis temporibus. Maiores explicabo et occaecati sit nisi non. Vitae ad possimus eaque et. Ducimus voluptatibus natus recusandae enim explicabo et quia.','dolores','93',NULL,'1983-05-26 14:17:59','2005-04-04 06:46:39'),
                           ('15','5','15','Nihil non necessitatibus aut est ut et. Autem eum veniam enim quo quod. Vel expedita quia dolorem labore aut et. Nesciunt rerum excepturi omnis provident amet fugit.','fuga','0',NULL,'1986-08-27 06:17:37','1972-10-16 13:55:14'),
                           ('16','6','16','Possimus deleniti deleniti nobis id voluptatum. Quas officia quas doloremque. Enim est voluptatem temporibus atque eveniet.','fugit','90839',NULL,'1984-05-12 22:26:36','2012-04-13 14:26:35'),
                           ('17','7','17','Omnis recusandae odio voluptas ut. Dolorem natus exercitationem amet excepturi quis sint. Dolores aut perspiciatis et ullam. Laudantium qui qui totam quo error mollitia sed. Repellat corrupti necessitatibus maxime et occaecati quasi quia et.','autem','904',NULL,'1994-11-27 11:13:21','1988-03-13 20:12:41'),
                           ('18','8','18','Accusantium sunt at veritatis. Illo voluptates et sed saepe molestias. Repudiandae est labore autem officia non optio.','autem','96',NULL,'1972-05-19 10:15:23','2019-10-06 10:45:13'),
                           ('19','9','19','Laboriosam quas rerum dolore a laborum accusamus. Nobis aut assumenda minus rerum voluptas aut dignissimos. Natus magni a deleniti quod nobis.','dolore','293370156',NULL,'2012-06-11 05:19:30','1992-09-14 14:43:03'),
                           ('20','10','20','Sed ea necessitatibus repellendus illo in perferendis modi. Cupiditate sapiente non minima et ducimus dolores quasi. Facere vel sed nostrum recusandae. Laborum quaerat reiciendis beatae et nam eos id. Porro veritatis ex reprehenderit porro.','dicta','9',NULL,'2000-01-19 00:05:07','1990-05-29 13:44:20'),
                           ('21','1','21','Numquam voluptas est labore unde modi asperiores repudiandae iusto. Dolor velit nihil labore voluptas perspiciatis. Est quis velit recusandae quasi repellendus. Nihil ea repellendus enim.','tenetur','27',NULL,'1991-03-06 22:22:57','2007-09-10 15:25:14'),
                           ('22','2','22','Harum aspernatur expedita est vel. Est aliquam sapiente debitis consequatur. Ut error minima et enim cupiditate maxime.','impedit','488522207',NULL,'2004-06-23 22:04:06','1978-06-02 16:01:05'),
                           ('23','3','23','Odit voluptatem provident blanditiis. Ut iure sequi nam veniam. Alias perspiciatis dolor pariatur qui quisquam enim. Qui asperiores deserunt accusantium deserunt.','ut','72836978',NULL,'1973-07-19 17:35:18','1992-09-10 23:35:36'),
                           ('24','4','24','Et aut velit dolor consectetur est voluptatum. Molestiae nesciunt ut quasi voluptatem. Autem consequatur adipisci impedit omnis expedita quo.','qui','1',NULL,'1978-02-13 10:58:12','2006-01-06 13:39:58'),
                           ('25','5','25','Cupiditate eum saepe nesciunt sed ut. Sit ut voluptatibus ratione. Quia quaerat voluptate qui velit maxime. In beatae nemo ut enim et.','laboriosam','14257',NULL,'1972-12-07 08:48:40','2013-01-20 02:58:45'),
                           ('26','6','26','Occaecati reiciendis et totam. Ullam et quae nihil et officia non ullam. Sunt aut neque quas distinctio. Doloremque dignissimos nobis ut.','et','26671',NULL,'1999-11-23 10:28:02','1988-11-24 23:16:15'),
                           ('27','7','27','Vero soluta ducimus voluptate illo. Eum ea rerum sit dignissimos sed quia. Voluptatibus eligendi quasi sint amet voluptatibus qui labore vel. Soluta laborum et culpa inventore eveniet autem est.','iure','89686745',NULL,'2009-02-10 07:29:16','2010-10-26 10:38:07'),
                           ('28','8','28','Velit ab suscipit ut facilis mollitia praesentium. Eveniet molestias magnam qui quisquam vero odit nemo. Et fugit sed molestiae quidem dignissimos voluptas. Adipisci optio nihil suscipit qui.','et','187733',NULL,'1978-07-10 19:52:17','1986-09-21 13:32:53'),
                           ('29','9','29','Eos officia ut tempore dignissimos alias laudantium et. Sapiente beatae velit quia impedit. Eum enim perspiciatis blanditiis explicabo quia magni harum et. Ea reprehenderit hic quia et.','sunt','8278424',NULL,'1975-04-21 00:51:25','1974-11-01 08:14:08'),
                           ('30','10','30','In iure aut veritatis sunt. Nesciunt voluptatem non adipisci voluptatum eos harum quaerat illum. Doloribus minus doloribus sapiente aut. Ut inventore modi dolorem voluptatem.','dolorem','702469595',NULL,'2005-05-18 18:11:46','2014-06-13 20:16:20'),
                           ('31','1','31','Ea beatae voluptate officiis rerum sit mollitia labore. Nemo asperiores voluptatibus nostrum voluptatem. Et asperiores ipsam commodi porro. Reprehenderit impedit qui sit necessitatibus.','adipisci','0',NULL,'1982-11-30 20:31:41','1971-07-07 17:21:43'),
                           ('32','2','32','Asperiores qui consequatur facilis. Nam vitae temporibus unde quo. Quia provident repudiandae ut assumenda. Error omnis voluptatem quaerat aut.','explicabo','898364',NULL,'1993-02-04 14:10:59','2015-03-31 11:38:27'),
                           ('33','3','33','Amet atque ut ab laborum quia eum. Voluptatem in ut animi voluptatem. Animi sed quidem sapiente vitae magni. Aliquam unde molestiae nulla voluptas enim accusamus autem.','iusto','411765',NULL,'2011-10-30 06:55:49','1995-01-08 05:59:55'),
                           ('34','4','34','Delectus consequatur et et porro. Deserunt et vitae reprehenderit in est. Qui et hic velit culpa doloribus autem voluptatem. Explicabo aspernatur beatae quam labore molestiae.','libero','971936',NULL,'1976-08-16 16:14:23','1976-08-28 08:20:53'),
                           ('35','5','35','Ipsam repellat et consequatur est. Enim velit aspernatur aliquam sunt provident pariatur sed molestiae. Sint rerum nulla voluptate libero aliquid et odit. Ab laudantium itaque officiis. Qui optio corrupti veritatis doloremque.','ipsam','22802',NULL,'1992-02-23 08:25:44','2007-12-14 08:51:54'),
                           ('36','6','36','Qui nihil natus dolorem. Incidunt laboriosam quis eaque sit accusantium exercitationem quam. Impedit provident nemo eos qui.','sint','842',NULL,'2019-09-05 15:13:59','2009-02-26 08:53:55'),
                           ('37','7','37','Sint debitis iure perspiciatis dignissimos ut deserunt voluptas corrupti. Magnam consequatur temporibus ea ut quibusdam minima neque. Non dolor ducimus occaecati qui nemo qui esse. Odio ea iure sed maiores labore sunt ut.','voluptas','0',NULL,'2015-12-13 12:48:00','2019-08-05 05:43:44'),
                           ('38','8','38','Id provident voluptatum atque laborum maxime. Et saepe sapiente et doloribus est qui. Ut veniam mollitia perspiciatis omnis.','quo','0',NULL,'2001-03-06 10:23:08','2005-10-17 16:23:38'),
                           ('39','9','39','Eaque eveniet totam sapiente alias. Quasi in sit officia animi voluptates. Voluptatem provident voluptas sit.','est','226843',NULL,'1981-08-15 04:30:12','1992-07-22 03:50:13'),
                           ('40','10','40','Et velit accusamus voluptatem accusamus quaerat eum hic. Rerum quidem porro voluptates. Iure beatae saepe et nostrum laborum. Possimus iusto a omnis unde temporibus error sit. Provident et blanditiis veritatis velit necessitatibus quae ex qui.','aut','7563809',NULL,'2015-04-22 07:59:09','2007-08-09 21:08:52'),
                           ('41','1','41','Omnis culpa qui odit accusantium ratione molestiae. Alias et totam in officiis quos voluptatem voluptates qui. Explicabo et voluptatem veniam nesciunt eveniet.','fugiat','4',NULL,'1987-05-19 12:46:13','2014-10-28 06:59:03'),
                           ('42','2','42','Consequatur totam consequatur corporis. Dolorem officia voluptates et voluptas. Non facilis voluptate molestiae ducimus numquam hic iure. Quas voluptatem ratione dicta inventore voluptas.','quisquam','1',NULL,'2003-08-11 10:50:13','1983-09-12 19:33:07'),
                           ('43','3','43','Deleniti id eveniet nihil perferendis. Nobis sequi harum consequatur beatae nemo incidunt. Necessitatibus sed corporis neque eveniet officia sed aliquid accusantium. Praesentium tenetur ab delectus quis.','dicta','5',NULL,'2018-06-20 20:23:53','1970-05-13 09:38:55'),
                           ('44','4','44','Ratione nemo eos dolores at dolorem unde delectus. Et ut cupiditate animi hic quasi eos. Esse repellat magnam perspiciatis quis. Numquam omnis laudantium labore.','laborum','260',NULL,'1975-04-19 21:38:56','2009-07-13 13:39:26'),
                           ('45','5','45','Ratione aperiam nesciunt repellendus. Nobis similique dolores dolores qui alias sed autem. Perferendis architecto ea commodi.','tempore','7774449',NULL,'2001-06-21 03:37:58','2003-03-22 12:38:27'),
                           ('46','6','46','Soluta beatae iure ab sit. Minus omnis aut voluptates velit quas. Pariatur doloribus voluptatem et quas qui expedita ipsam. Ratione quidem accusantium veniam consequuntur ut rerum voluptatum.','harum','8655003',NULL,'1984-10-02 12:35:10','2001-12-25 14:12:25'),
                           ('47','7','47','Rerum sapiente minima voluptatum perspiciatis. Soluta reiciendis autem aut qui ipsum dignissimos. Aliquid dicta quisquam iure deleniti culpa rerum molestiae aut. Est architecto fuga deleniti.','dolores','0',NULL,'1975-05-21 15:58:44','2017-04-20 14:06:59'),
                           ('48','8','48','Sed praesentium laudantium sunt. Magni voluptas est sit consequatur eligendi id corrupti. Et aut necessitatibus sed autem quas itaque deserunt. Quis ut et alias qui hic delectus sint.','voluptatem','7884950',NULL,'1989-06-12 00:44:39','1996-07-24 13:39:45'),
                           ('49','9','49','Cumque omnis quis sint et soluta. Doloremque illo iure molestiae consequatur aliquid doloribus. Accusamus temporibus vero ipsam illo fugit mollitia.','occaecati','2',NULL,'2014-12-13 07:58:28','2006-03-01 18:58:43'),
                           ('50','10','50','Enim illum et quibusdam et omnis. Id architecto aliquam rerum omnis.','pariatur','706',NULL,'2005-05-25 06:46:55','1974-12-24 23:54:11'),
                           ('51','1','51','Velit consequatur voluptas nemo eligendi sunt dolor. Officia officiis aut voluptas eum autem provident possimus. Id consectetur aliquam rerum consequatur magnam sit et. Repellat voluptas quis architecto consequuntur.','a','21',NULL,'2015-02-01 01:07:07','1975-12-02 08:11:20'),
                           ('52','2','52','Laboriosam est sed voluptatem voluptatem deleniti hic inventore. Et optio et aut rerum. Quos sit reprehenderit vitae. Ipsa ea ea sunt amet maxime.','aut','9',NULL,'1973-08-01 18:31:04','1991-01-26 23:08:32'),
                           ('53','3','53','At incidunt hic ratione sed voluptates eum ad voluptate. Harum id est incidunt delectus est. Sunt ut cum neque sunt reiciendis amet corporis minus. Ut non doloribus rerum fuga perspiciatis dignissimos. Ut officiis aut illo qui sunt qui.','ipsa','0',NULL,'1989-08-10 04:18:59','1974-01-23 21:42:07'),
                           ('54','4','54','Aliquam magnam pariatur numquam quaerat voluptates sit quis. Blanditiis deserunt odio voluptate exercitationem voluptas quidem. Est aut consequuntur voluptates et non qui commodi. Est alias quasi placeat aut nesciunt eos.','quia','0',NULL,'1986-02-13 11:56:15','1991-07-05 05:17:39'),
                           ('55','5','55','Consequatur dolores laudantium eligendi. Eligendi eaque possimus maxime excepturi. Asperiores enim nihil perferendis a sed aut sed.','iusto','1174156',NULL,'2016-11-12 00:41:00','2012-09-18 23:31:19'),
                           ('56','6','56','Aut dolor facilis omnis. Ratione commodi ipsam temporibus nemo possimus.','corporis','41984461',NULL,'2008-04-07 07:11:46','1986-09-01 07:00:28'),
                           ('57','7','57','Enim rerum aut dolores minus voluptatum ea. Vero voluptas harum omnis reprehenderit qui. Ratione hic et voluptatem fugit. Quae voluptates delectus suscipit.','nihil','89',NULL,'1996-11-09 03:56:52','1995-01-24 22:55:55'),
                           ('58','8','58','In reiciendis qui sed non repellat ut dolorem. Enim enim architecto voluptatem reprehenderit eum. Praesentium consectetur voluptatem voluptatem iste est excepturi iste. Dignissimos sit id omnis recusandae aut magni dolore repudiandae.','exercitationem','926100',NULL,'1989-10-18 16:00:25','1996-12-21 10:42:47'),
                           ('59','9','59','Voluptas sunt at voluptate. Harum veritatis adipisci error dolorum officia omnis expedita. Pariatur dicta et labore fugit nihil sed. Exercitationem inventore exercitationem nihil facilis aut id cum odit.','sunt','2030597',NULL,'1972-01-02 01:25:10','1988-09-19 04:14:46'),
                           ('60','10','60','Ducimus magni ut quas totam ut repudiandae alias corrupti. Eos nisi culpa at dolore. Ut sint fuga ea beatae vero.','sequi','877559',NULL,'2005-02-19 16:12:37','1971-07-30 19:10:17'),
                           ('61','1','61','Eveniet deserunt rerum et tenetur suscipit. Modi fugiat minus et. Eos corporis sit fugiat sit ab hic atque. Laudantium eum debitis amet temporibus harum. Ipsam fuga quia dolor ab voluptate quasi fuga fugiat.','et','7',NULL,'1999-07-13 04:38:20','1990-10-29 11:13:52'),
                           ('62','2','62','Earum odio rerum modi fugiat officiis eos consequuntur. Vel et cum quo. Sapiente iusto labore vero voluptatem non provident itaque. Vero dicta aut facere est maxime et.','eligendi','432',NULL,'1995-03-09 22:50:04','1975-09-19 10:22:22'),
                           ('63','3','63','Labore illo iure rerum in excepturi. Voluptatum facere et aliquam aut officia minima accusamus. Vel voluptate est eaque nemo omnis. Vero ipsam asperiores doloremque ducimus sunt.','aliquid','81122846',NULL,'2014-02-10 22:27:49','2001-07-26 22:03:35'),
                           ('64','4','64','Quo qui id maiores molestiae repellendus eaque. Vero ut et et. Perspiciatis dolorum placeat culpa.','nisi','4930356',NULL,'2005-06-24 21:01:53','1988-01-22 04:23:24'),
                           ('65','5','65','Corporis dolores ipsam ducimus debitis dolorem minus laudantium velit. Ea expedita tempore et consequatur eum facilis quo. Ut facere quia voluptas quo.','dolorem','40',NULL,'2013-03-06 00:14:01','2018-04-19 00:49:13'),
                           ('66','6','66','Commodi nihil minima odio ex quae. Quaerat iure eligendi nostrum recusandae soluta. Omnis labore excepturi odit nisi consequatur voluptate quisquam.','maxime','2',NULL,'1981-01-13 09:13:44','1983-06-26 16:06:24'),
                           ('67','7','67','Culpa ut consequatur eum nihil qui molestias. Delectus voluptatem praesentium aut dolore quia. Reprehenderit soluta itaque quibusdam quos et reiciendis. Excepturi tenetur ipsam magnam.','est','86',NULL,'2006-05-15 16:23:37','1994-11-18 00:24:58'),
                           ('68','8','68','Excepturi quisquam odio est sit enim et voluptas. Accusamus modi dignissimos at et dolore reiciendis ipsa. Et qui voluptas excepturi officia qui eum.','cupiditate','0',NULL,'1977-04-26 18:25:46','2005-10-03 20:46:11'),
                           ('69','9','69','Voluptatem qui et facilis possimus et dolores quibusdam. Quis qui dolore quae nihil consequatur. Voluptas et recusandae voluptate est itaque.','corrupti','520605',NULL,'2000-03-16 05:33:01','1984-11-18 00:53:55'),
                           ('70','10','70','Non sed dolorem sapiente ut quaerat. Necessitatibus sint sint pariatur consectetur. Expedita consequatur harum quia nulla laborum beatae velit id.','vero','46',NULL,'2000-01-15 16:32:55','2017-10-18 23:12:01'),
                           ('71','1','71','Expedita et culpa ea quia libero nam fuga dolor. Error voluptate et eveniet eos dolorem. Veritatis accusantium maxime aut quia asperiores. Non quia illo voluptatem voluptates nobis qui. Est et cupiditate nobis quasi eligendi minima nemo.','commodi','81',NULL,'1973-09-01 14:43:40','1992-04-12 18:12:24'),
                           ('72','2','72','Nemo rem nisi excepturi laudantium eius et. Possimus maxime mollitia porro facere qui nulla nisi. Unde aut ut et ullam aut rerum facilis.','voluptas','7105792',NULL,'2013-09-10 20:42:01','1976-10-18 16:49:13'),
                           ('73','3','73','Voluptates iusto ut voluptas accusantium est quas. Et velit eum et omnis. Impedit quia eum ut vitae corporis aut est adipisci.','quis','6964',NULL,'2004-11-21 09:24:49','1974-12-10 15:48:18'),
                           ('74','4','74','Consectetur eum voluptatem consequatur non enim. Ipsam aspernatur hic expedita et tempora dolorem sunt. Perspiciatis illo facilis accusamus amet et voluptates nulla.','ut','72187578',NULL,'1979-03-26 17:45:09','2018-11-10 03:55:01'),
                           ('75','5','75','Enim quisquam ea quia ipsa ut. Voluptatibus non ut sit sint temporibus tempore. Officia nihil impedit ut voluptas architecto dicta. Perspiciatis maiores optio hic nemo commodi.','numquam','816518',NULL,'2018-03-26 14:04:10','1982-07-16 09:53:44'),
                           ('76','6','76','Vel quo quo itaque. Impedit nihil dolorem dolorem voluptatum non.','ipsum','8376306',NULL,'1972-02-29 08:57:10','1988-03-09 03:54:54'),
                           ('77','7','77','In quam at omnis rerum quod vel id iusto. Temporibus quisquam quos beatae commodi voluptate voluptatum quia quos. Veniam quae nulla eum magnam quidem voluptate reiciendis distinctio. Sed perspiciatis omnis qui est quia aut.','odio','12744',NULL,'2005-11-26 15:49:29','1986-10-18 06:12:07'),
                           ('78','8','78','Molestiae aliquam veniam fugit dicta sunt qui dolorum. Placeat sit minus aliquid id ut. Mollitia fugit eveniet molestiae ut. Nisi voluptatum et deleniti velit.','reiciendis','654',NULL,'1970-11-09 22:42:47','2000-09-04 10:45:31'),
                           ('79','9','79','Autem aut aut molestias tenetur quae. Totam ullam provident sit numquam voluptas assumenda. Consequuntur hic omnis qui earum. Quia occaecati mollitia ducimus suscipit quia.','qui','15',NULL,'1984-11-08 10:07:40','1992-09-30 13:15:24'),
                           ('80','10','80','Voluptatem doloribus in nam. At modi dolor fugit quasi praesentium. Enim ut ut recusandae. Voluptatem harum possimus officiis enim tenetur aut nisi cumque.','ea','564',NULL,'2001-05-27 06:10:40','1995-03-19 22:20:36'),
                           ('81','1','81','Sunt in fugiat est fugit quia natus sint dolorem. Sequi enim sapiente beatae officiis quos quos explicabo odio. Sequi fugiat id rerum ex. Necessitatibus sit illum deleniti consequatur.','nesciunt','76282',NULL,'1985-05-13 05:09:45','2015-09-01 15:49:48'),
                           ('82','2','82','Numquam similique dolores illum rerum voluptate natus expedita. Est expedita quas est distinctio officia. Rem sunt non necessitatibus sed dignissimos eligendi est officiis. Voluptate cupiditate pariatur dolor.','sed','28957',NULL,'2016-07-26 05:51:56','2012-07-13 09:37:44'),
                           ('83','3','83','Repudiandae non sint corrupti id. Officia totam porro qui. Laboriosam nemo et nemo. Omnis vel non et illo temporibus in quia.','enim','777',NULL,'2018-03-19 09:43:14','2001-06-08 01:03:40'),
                           ('84','4','84','Est accusamus ut ut dolor nihil quis. Error ipsam labore cum ut labore. Qui impedit alias nostrum quia sint sint.','omnis','301',NULL,'2011-03-19 07:47:54','2009-08-15 10:28:41'),
                           ('85','5','85','Excepturi est ratione doloribus quae est repudiandae ea. Dolore praesentium ducimus earum sit iste. Sunt assumenda cupiditate laboriosam atque quo quibusdam.','qui','755',NULL,'2010-12-09 10:01:48','1987-07-19 12:59:50'),
                           ('86','6','86','Cum in aut omnis maiores provident ut sed aut. Id omnis facere modi corporis pariatur corporis ullam. Sunt ipsum error animi fugiat.','ut','73399',NULL,'1993-12-29 11:44:21','2002-04-09 19:42:43'),
                           ('87','7','87','Voluptatem eos odit labore mollitia voluptas aut. Magnam occaecati quaerat consequatur accusamus consequatur enim modi. Nobis eos blanditiis vero itaque quaerat. Eius alias dolor alias accusantium sint illo porro.','sequi','8',NULL,'1995-03-06 15:44:58','2016-08-10 02:15:50'),
                           ('88','8','88','Sed minima animi sapiente vero velit quia ex. Aperiam nam velit rerum sunt sunt recusandae ipsum aliquam.','modi','6365',NULL,'2003-09-13 23:50:23','1982-04-08 08:36:24'),
                           ('89','9','89','Et molestiae tenetur eaque quo aspernatur error praesentium. Et autem non qui excepturi labore ut repellat. Quasi numquam nisi inventore odit quis accusantium architecto. Quis sit veniam voluptatem maxime optio sed est architecto. Inventore optio ab assumenda velit.','perspiciatis','0',NULL,'1990-05-11 10:45:10','2012-08-25 03:52:26'),
                           ('90','10','90','Et accusantium vel non perspiciatis aperiam odio. Alias qui aliquam necessitatibus commodi est rem. Modi vel ullam dolorem.','incidunt','329825',NULL,'1974-01-23 20:36:41','2002-04-08 20:54:59'),
                           ('91','1','91','Nesciunt molestias quas laboriosam dignissimos dolorem et. Ut enim similique quibusdam. Optio autem similique ad est et quia molestiae.','nostrum','1',NULL,'1983-01-01 12:58:34','1988-08-07 22:27:19'),
                           ('92','2','92','Natus commodi vel fugit quasi perspiciatis. Cumque non et sit nesciunt. Natus asperiores delectus porro deserunt occaecati.','asperiores','7279',NULL,'1993-08-18 07:13:28','2011-02-17 11:23:36'),
                           ('93','3','93','Eum dolores sit a ut qui. Tenetur voluptatem dolor sunt dolor minus. Repudiandae ad beatae est. Soluta sed vel quasi ad veritatis deserunt.','odio','27819180',NULL,'2003-10-20 16:47:37','1990-02-18 12:46:27'),
                           ('94','4','94','Quasi laboriosam animi quo aliquid. Et natus omnis reiciendis magnam rem sunt. Ipsum esse cupiditate et rerum ut fugiat. Qui earum qui sequi.','cum','420',NULL,'1984-05-26 00:59:54','1993-07-23 22:09:49'),
                           ('95','5','95','Recusandae dicta facilis aliquam maiores incidunt. Incidunt ut ut velit modi debitis accusantium omnis impedit. Sunt et officia quia neque. Dicta ipsam quia ut quidem. Quibusdam odit blanditiis ipsam aut excepturi ipsa nesciunt.','sunt','318350',NULL,'2002-05-29 04:45:20','1975-04-21 09:08:22'),
                           ('96','6','96','Est sit sed recusandae ut. Sapiente commodi ut fuga. Illo aut ut ut commodi ullam et fuga. Aspernatur dolor at corporis error possimus.','cumque','872848',NULL,'2006-10-20 12:54:09','1980-03-01 02:06:49'),
                           ('97','7','97','Quam officiis qui ut dolores ex excepturi. Deserunt laudantium officiis ut. Perspiciatis atque autem alias rerum veritatis occaecati quod.','est','42536',NULL,'1988-11-27 19:24:58','1980-01-18 16:53:49'),
                           ('98','8','98','Eius voluptatibus necessitatibus modi dolores placeat aut. Fugit doloremque repellendus accusamus ex modi. Quos possimus repudiandae perspiciatis autem sequi. Sit quis est ullam.','maxime','427927472',NULL,'1984-02-07 07:44:02','1975-09-15 16:19:13'),
                           ('99','9','99','Est laborum sit nisi corporis. Possimus odio minus molestiae dolores. Accusantium fugit vel quas praesentium corporis voluptatem. Quia et est perspiciatis qui maxime nam sit odit.','nihil','933468',NULL,'1978-07-01 13:57:24','1985-04-05 04:21:56'),
                           ('100','10','100','Corporis inventore sint qui. Totam repellendus et voluptatem eius. Velit a modi laboriosam suscipit cupiditate error. Et beatae eos exercitationem necessitatibus perferendis tempora.','vero','83628',NULL,'1991-11-21 06:53:10','2002-03-11 18:33:10');


DROP TABLE IF EXISTS `media_types`;
CREATE TABLE `media_types` (
                               `id` bigint(20) unsigned NOT NULL AUTO_INCREMENT,
                               `name` varchar(255) COLLATE utf8_unicode_ci DEFAULT NULL,
                               `created_at` datetime DEFAULT current_timestamp(),
                               `updated_at` datetime DEFAULT current_timestamp() ON UPDATE current_timestamp(),
                               PRIMARY KEY (`id`)
) ENGINE=InnoDB AUTO_INCREMENT=11 DEFAULT CHARSET=utf8 COLLATE=utf8_unicode_ci;

INSERT INTO `media_types` VALUES ('1','magnam','2006-07-01 12:01:14','1991-01-06 16:01:59'),
                                 ('2','odio','2011-09-07 20:37:28','2014-03-30 18:16:22'),
                                 ('3','ut','2009-12-01 16:51:39','2000-10-20 16:16:48'),
                                 ('4','quaerat','2015-08-22 02:24:46','2016-06-02 08:20:26'),
                                 ('5','deserunt','2019-04-10 14:56:26','1995-08-03 20:35:50'),
                                 ('6','necessitatibus','1986-01-13 09:45:25','2010-01-03 08:56:42'),
                                 ('7','voluptatem','2012-03-15 07:11:59','1976-07-19 09:19:27'),
                                 ('8','eveniet','2006-04-16 17:56:06','1982-12-08 05:40:17'),
                                 ('9','enim','1970-07-13 07:57:58','2013-02-26 00:27:05'),
                                 ('10','qui','2017-07-16 17:25:24','1983-12-14 01:14:31');


DROP TABLE IF EXISTS `messages`;
CREATE TABLE `messages` (
                            `id` bigint(20) unsigned NOT NULL AUTO_INCREMENT,
                            `from_user_id` bigint(20) unsigned NOT NULL,
                            `to_user_id` bigint(20) unsigned NOT NULL,
                            `body` text COLLATE utf8_unicode_ci DEFAULT NULL,
                            `created_at` datetime DEFAULT current_timestamp(),
                            PRIMARY KEY (`id`),
                            KEY `messages_from_user_id` (`from_user_id`),
                            KEY `messages_to_user_id` (`to_user_id`),
                            CONSTRAINT `messages_ibfk_1` FOREIGN KEY (`from_user_id`) REFERENCES `users` (`id`),
                            CONSTRAINT `messages_ibfk_2` FOREIGN KEY (`to_user_id`) REFERENCES `users` (`id`)
) ENGINE=InnoDB AUTO_INCREMENT=101 DEFAULT CHARSET=utf8 COLLATE=utf8_unicode_ci;

INSERT INTO `messages` VALUES ('1','1','1','Consequatur sed voluptatem aspernatur harum aliquam incidunt. Voluptate vero ut sed ipsam eius unde in dolor. Non voluptatum in quae voluptate.','1995-04-18 22:45:26'),
                              ('2','2','2','Repellendus commodi excepturi veritatis maiores architecto omnis. Libero est id alias autem. Voluptatibus tenetur voluptatem ut reprehenderit sit debitis et.','2004-12-29 06:22:48'),
                              ('3','3','3','Ut ipsa at omnis quia mollitia ut tempora rem. Saepe maiores ea aliquid doloribus rem. Culpa quaerat qui impedit a. Ut quasi totam qui amet incidunt reiciendis ipsam.','2004-02-09 10:43:03'),
                              ('4','4','4','Natus omnis optio debitis aut. Rem quo expedita vitae asperiores laudantium quis magnam. Non praesentium quia qui et. Odio laudantium modi cupiditate dolores.','1998-02-03 15:35:16'),
                              ('5','5','5','Velit omnis et nemo non eius. Quia commodi illo odio dolor minima.','2013-06-01 17:16:31'),
                              ('6','6','6','Eaque nulla odio magni quas est ipsum sequi. Blanditiis accusantium nulla deserunt fugit voluptatum itaque exercitationem. Est dolorum nostrum provident quisquam repellendus totam quaerat.','2015-06-16 16:41:18'),
                              ('7','7','7','Voluptatum est deleniti repellat et est maxime. Delectus id qui veritatis dolores officia qui. Ducimus ullam quis ipsam est nesciunt ipsam.','1986-03-07 22:42:15'),
                              ('8','8','8','Porro est vel tenetur quo. Porro accusamus dolorem doloribus numquam qui. Laudantium neque natus id et doloremque non.','2002-11-08 22:46:18'),
                              ('9','9','9','Ut rem ea ut et beatae. Sunt dignissimos quos impedit quibusdam. Ut fuga placeat illo et quibusdam exercitationem quibusdam earum. Quam quia voluptates aut accusantium sint voluptas.','1984-08-15 13:55:52'),
                              ('10','10','10','Et voluptatum sint tempora fuga voluptatem dolore vel. Cupiditate asperiores ullam necessitatibus eius mollitia. Maxime repudiandae sint asperiores sunt voluptatibus. Placeat natus inventore qui.','1988-03-20 13:17:16'),
                              ('11','11','11','Aliquid placeat libero id quas voluptatem. Sit quis beatae at aut autem itaque. Perferendis debitis id dolores aut soluta.','1995-11-05 05:56:34'),
                              ('12','12','12','In doloribus dolores et harum quia harum. Cupiditate rerum nihil illum ad delectus temporibus. Iste pariatur tenetur maxime error eum.','2016-06-15 16:08:04'),
                              ('13','13','13','Expedita quia assumenda suscipit expedita. Optio temporibus id consequatur. Molestias autem sit minima nobis consequatur.','1994-02-11 22:19:20'),
                              ('14','14','14','Hic et vel ut ea autem quod ratione. Nihil incidunt sed illum aliquid. Sed nam alias omnis voluptas impedit.','1974-11-03 10:15:00'),
                              ('15','15','15','Qui velit aut natus cum in molestiae. Veritatis velit tenetur laborum amet fugit. Facere voluptatem dolorem optio dolorem excepturi laudantium quasi. Voluptas non molestias consequuntur eius et.','1978-07-22 01:19:15'),
                              ('16','16','16','Culpa et eligendi nisi. Quis laboriosam a quia quia in. Laboriosam dolor ea voluptas cumque. Voluptatem culpa sapiente error aspernatur.','1996-10-22 08:36:36'),
                              ('17','17','17','Blanditiis blanditiis facere sequi voluptatibus voluptatem aut. Eum inventore doloribus ut deserunt alias consequatur. Et quo debitis vel tenetur ut dignissimos non. Et cum molestiae cumque.','2013-04-25 10:30:30'),
                              ('18','18','18','Accusantium placeat voluptatibus necessitatibus. Incidunt et et ipsam consequatur odio vero maxime dignissimos. Itaque vero aliquam perspiciatis sequi.','1971-01-17 10:47:01'),
                              ('19','19','19','Omnis velit sed omnis tenetur non eos non in. Quo nam exercitationem expedita beatae vero. Quibusdam numquam excepturi quidem quia fugit. Iure aut ipsa illo quisquam ullam. Qui at et beatae soluta minus.','1977-03-30 20:34:58'),
                              ('20','20','20','Quod vel soluta voluptatem ut mollitia earum atque deleniti. Hic recusandae doloribus quaerat eos ex corrupti odit porro.','2004-12-12 00:49:55'),
                              ('21','21','21','Et tempora et quisquam assumenda et assumenda. Sed ut et omnis est eum doloribus et rerum. Exercitationem voluptatem quibusdam rerum. Accusamus et incidunt earum vel. Quae voluptatibus eveniet quam odio.','1972-04-12 18:52:54'),
                              ('22','22','22','Officiis ea qui et ut. Rerum aut qui eos mollitia magnam enim. Laboriosam sapiente et odit quo aspernatur. Consequatur doloribus quam est vitae tempora voluptatem corrupti.','1981-09-19 05:36:41'),
                              ('23','23','23','Aspernatur nostrum a minus. Nemo quia et est exercitationem ab nihil.','1991-03-07 05:58:27'),
                              ('24','24','24','Non fugit est eos voluptatum odit maxime. Aut molestiae voluptatem praesentium sapiente. Facere ex maiores quam labore et.','2002-06-20 00:20:32'),
                              ('25','25','25','Consectetur et non magnam quod magni tempora sed. Officia et in rerum voluptas. Iusto iure molestias aut aut ad non tempora.','2016-03-14 09:38:48'),
                              ('26','26','26','Quis eveniet rem error reprehenderit quaerat ex. Nesciunt ducimus perspiciatis consequatur dicta et et incidunt. Ut et sed voluptas laboriosam alias aut quo accusantium. Ipsa voluptas aliquid voluptas nihil qui.','2012-08-15 17:59:51'),
                              ('27','27','27','Vel sit quae asperiores minima molestias porro quasi. Corrupti ea et suscipit dolorum quia asperiores et alias. Iusto rerum vitae et ipsam.','2001-07-20 20:57:44'),
                              ('28','28','28','Iure error cum quam vero dolores. Optio ipsam harum consequatur facilis. Occaecati eligendi sed ut qui corrupti. Voluptatum tenetur accusamus blanditiis.','1976-12-14 16:16:58'),
                              ('29','29','29','Recusandae excepturi dicta laudantium qui autem. Labore et quas qui omnis vel non. Maiores nisi voluptatibus nobis qui consequatur deserunt. Ut ex eos tempore voluptates sunt voluptatem id.','1978-11-18 09:09:29'),
                              ('30','30','30','Quisquam illo aut officia est dolorum voluptates et. Rem dicta et temporibus sunt. Delectus nostrum facilis velit velit.','1997-08-06 01:53:21'),
                              ('31','31','31','Ullam odio asperiores similique nihil. Alias aliquam temporibus dolores cupiditate sint temporibus expedita. Quam voluptatem iste exercitationem et similique sed.','2018-11-17 13:24:17'),
                              ('32','32','32','Magnam est quod pariatur esse natus et. Ullam amet provident porro beatae aut. Aut velit iure expedita autem eum eaque. Facere maxime odio consectetur voluptas inventore quod.','2006-12-09 15:02:53'),
                              ('33','33','33','Eaque facilis molestias magnam ratione. Dolores placeat assumenda sint sed eos dolores ut.','1973-05-12 21:31:47'),
                              ('34','34','34','Nisi qui doloribus quo et provident. Deserunt tempore temporibus ut quibusdam. Modi delectus nobis dolorem nulla blanditiis. Omnis facilis quia aut earum repudiandae. Facilis facere rem dicta.','1998-07-01 11:17:26'),
                              ('35','35','35','Veritatis rem maiores voluptas ipsa maxime nulla et. Aliquam natus deleniti in earum nemo. Odio a mollitia suscipit veniam iure esse eum iure. Beatae ea iusto eum quaerat ut iste quasi pariatur.','1984-05-22 17:18:28'),
                              ('36','36','36','Quia a ipsam omnis ut voluptas quam. Id voluptatem ut ducimus deleniti quod nesciunt. Sed ad sed ut quia aut laboriosam quae dolore.','1990-01-24 18:19:45'),
                              ('37','37','37','Deleniti adipisci atque assumenda distinctio placeat quo. Quidem temporibus assumenda ut consequuntur. Eos ullam quaerat voluptatem maxime labore. Natus in qui id quibusdam aperiam a commodi. Enim corrupti similique odio nostrum voluptatibus minus.','2007-11-01 02:42:39'),
                              ('38','38','38','Ea aut quos nemo. Ducimus quidem consequuntur repellendus deleniti enim rerum facilis. Laboriosam reprehenderit porro impedit velit reiciendis impedit vel. Minus et recusandae velit facilis explicabo.','2015-02-13 07:47:56'),
                              ('39','39','39','Atque id cumque necessitatibus consequuntur perspiciatis corrupti inventore. Omnis voluptatem expedita eaque. Voluptates tempore dicta corporis voluptas culpa culpa perferendis ex.','2003-01-22 14:43:54'),
                              ('40','40','40','Exercitationem sequi molestias omnis laboriosam sit qui ipsa delectus. Optio aut necessitatibus praesentium voluptatem asperiores facere. Quia sunt aut rerum ipsam eum asperiores voluptate. Deserunt consectetur dolorem blanditiis.','1973-03-27 01:43:49'),
                              ('41','41','41','Dolorum porro tempore dolorem sapiente quis iste ut. Dolor consectetur reiciendis distinctio alias aperiam neque molestiae et. Corrupti quae eos exercitationem sint omnis incidunt ullam.','1974-11-04 05:09:59'),
                              ('42','42','42','Beatae ab voluptas et velit similique. Velit nobis neque corporis dolor numquam sit. Non cupiditate vel itaque asperiores. In ut maxime sed quia dolore quidem.','2004-12-15 08:02:22'),
                              ('43','43','43','Sit doloremque asperiores magnam et. Quo nam at voluptas et ex ut. Eum quo expedita blanditiis laudantium quidem autem eum in.','1992-05-23 20:33:28'),
                              ('44','44','44','Dolorum consequuntur omnis natus omnis dolores maiores. Cupiditate quia nihil enim vero quae. Dolorem dolor non quas sunt. Ipsam sed sunt quas impedit quod dignissimos architecto. Ipsum et sapiente voluptatem repellat vel doloremque placeat beatae.','2006-02-16 15:08:44'),
                              ('45','45','45','Commodi sunt dolores quia incidunt. Qui est pariatur qui reprehenderit. A enim quo pariatur nihil et explicabo sint qui. Eaque ipsum deleniti est ullam qui quam velit. Ullam nesciunt exercitationem perferendis nihil modi velit provident labore.','2017-06-15 06:21:52'),
                              ('46','46','46','Maxime dicta aut nam dolorum perspiciatis. Esse occaecati quo cum. Excepturi qui cumque delectus magni aliquam. Ut qui nesciunt accusantium corrupti enim dolore eum. Officia unde qui non.','1972-11-28 20:48:58'),
                              ('47','47','47','Provident consequatur omnis et repellendus ut. Distinctio quo repellat maiores et quia.','1990-04-16 04:56:15'),
                              ('48','48','48','Qui et quis tempora accusamus quae. Repellendus facere sint nesciunt qui consequatur quod. Velit et velit culpa aut harum explicabo ratione voluptatum. Eligendi est sequi laborum repellat quo sint. Ea sapiente est excepturi facere consequatur adipisci eos.','1975-11-25 23:47:13'),
                              ('49','49','49','Esse fuga accusamus aut labore enim. Sequi est sunt cupiditate eligendi.','1970-06-24 07:38:14'),
                              ('50','50','50','Dolores praesentium cum libero ut. Quod quibusdam sit repudiandae est. Aut dolorem quidem ratione alias beatae ea.','2007-05-18 22:31:27'),
                              ('51','51','51','Aperiam cupiditate assumenda voluptatem labore ut dolorem. Tempore odio non sit. Dolor ratione vel aspernatur ipsam est nisi magnam.','1987-06-21 12:08:21'),
                              ('52','52','52','Et repellat saepe consequatur ut ratione. Voluptas id quia dolor quisquam et voluptatibus. Culpa voluptatibus sapiente laboriosam ea qui ea.','2008-04-07 05:22:34'),
                              ('53','53','53','Sint doloribus porro quis aperiam hic numquam unde. Quia voluptatem eveniet deserunt non enim reprehenderit. Autem nihil architecto dolor maiores et.','2012-07-16 20:15:23'),
                              ('54','54','54','Libero nihil possimus non at quos eaque ex. Quia praesentium delectus repudiandae velit quis recusandae est quis. Quis enim delectus illo ut temporibus error. Architecto corporis est iure repellat assumenda corrupti. Qui qui molestiae reprehenderit facere quod.','2005-08-22 18:50:13'),
                              ('55','55','55','Fugit aut veniam nihil nisi doloribus sequi. In exercitationem quia eos pariatur. Ipsum esse aspernatur fuga. Nostrum eaque minus velit sit.','1991-12-05 23:46:45'),
                              ('56','56','56','Dignissimos eum eum laudantium beatae vel. Quia minus quasi ut dolorem commodi. Dolores quod consectetur dignissimos sed nihil cum. Pariatur ut cupiditate rerum repellendus suscipit earum quo est.','2019-09-05 05:12:49'),
                              ('57','57','57','Incidunt expedita autem modi aut. Facilis eaque qui mollitia aut voluptas et. Dignissimos in quam voluptatem quod sunt illo aut. Consequatur ab odit exercitationem hic et ut.','2014-07-24 21:27:52'),
                              ('58','58','58','Temporibus ut temporibus natus dolores dolorem itaque repellat cum. Perspiciatis eum nesciunt tenetur omnis dolorem est quasi. Eius doloribus id aliquid. Eligendi omnis corporis illum illo. Eos quam suscipit rerum est.','2001-07-13 22:40:28'),
                              ('59','59','59','Autem molestias provident accusantium quod pariatur explicabo quisquam. Quos odit vel dolor assumenda corporis expedita pariatur dolorum. Voluptatum porro minus esse qui. Quod quibusdam fugiat sint animi dignissimos consequatur.','1995-03-21 08:31:16'),
                              ('60','60','60','Praesentium quia id voluptas aut dignissimos in. Dolorum sit suscipit inventore. Voluptate hic delectus alias dolore.','2017-02-21 20:01:18'),
                              ('61','61','61','Dolore nostrum rem voluptas id ullam dolorem. Soluta adipisci temporibus ad voluptatibus. Nemo sunt nisi et nostrum cupiditate praesentium eaque iure.','1989-06-11 16:48:26'),
                              ('62','62','62','Ut eos natus qui ut mollitia. Aliquid voluptatem nisi quisquam odio quia animi consequatur. Non numquam ut ab nisi doloremque est. Animi fugit nesciunt enim aspernatur aut.','1982-04-11 03:55:04'),
                              ('63','63','63','Eos in ut sit earum aspernatur. Aliquid mollitia dolor aut aut nihil ab. Sunt corporis expedita quia sunt.','2003-03-16 20:08:53'),
                              ('64','64','64','In aut amet et dolorum. Dolor beatae ipsum magni aperiam debitis. Fuga ea illum enim quia.','2018-04-13 10:58:06'),
                              ('65','65','65','Et dolorem ullam voluptatem ut itaque. Explicabo eos eligendi ab ut. Est nam dicta qui ducimus. Accusantium nemo dignissimos adipisci possimus voluptates.','1999-05-18 15:54:26'),
                              ('66','66','66','Et sed est ut nihil mollitia deserunt dolorem dignissimos. Pariatur in sint earum voluptatem facilis ipsam. Illum alias dolorem sit aliquam enim. Eum ut et laudantium soluta.','1995-12-25 02:10:07'),
                              ('67','67','67','Rerum sit laboriosam sint a sit expedita accusamus non. Tempora expedita non voluptatem. Voluptatem minima voluptas ex quod cum. Excepturi laborum esse facilis ea dolorum.','2009-11-01 14:18:43'),
                              ('68','68','68','Fugit optio nihil sapiente rerum sed dolor aut. Rem minus est adipisci quidem accusantium. Earum nemo ipsum libero ut. Ab ea vitae tempore ad impedit nisi.','1987-08-25 05:48:07'),
                              ('69','69','69','Omnis eos vel et commodi. Quo consequatur impedit quia ut ab eum. Repellat nihil modi ut fuga sit quia. Eos explicabo esse rerum quia aut pariatur.','1999-07-20 10:55:34'),
                              ('70','70','70','Officiis quae officia voluptas et eligendi libero autem repudiandae. Aspernatur est quos aut praesentium quaerat vel in eveniet. Porro incidunt laboriosam sit consequuntur. Consectetur veniam molestias perferendis quod.','2000-02-04 16:05:57'),
                              ('71','71','71','Dolor et optio voluptas reiciendis quis. Ex omnis nisi et rerum numquam autem. Est ipsam vitae magni vel enim blanditiis aperiam. Aspernatur possimus ipsa ad qui et commodi dicta.','1979-06-25 17:47:32'),
                              ('72','72','72','Quia est magni sed. Ut sint rerum voluptatem et rerum omnis est deleniti. Qui laudantium dolores quibusdam omnis perspiciatis voluptas qui. Similique velit omnis quo qui.','2015-06-17 11:47:36'),
                              ('73','73','73','Libero perferendis quibusdam laborum enim. Officia eligendi quam incidunt debitis praesentium quo quia sapiente. Praesentium sed vitae enim quia necessitatibus.','1976-07-08 07:33:34'),
                              ('74','74','74','Aut et vel vero. Provident provident aut repudiandae voluptate alias. Eos qui esse laboriosam praesentium.','1979-09-04 12:59:06'),
                              ('75','75','75','Totam et doloremque officiis fugiat non. Sint neque rerum iste corporis et.','1999-10-21 01:19:00'),
                              ('76','76','76','Molestiae corrupti nam eos ea reiciendis eos corporis aspernatur. Et quisquam minus dolore architecto. Doloribus sit est necessitatibus aut aut vel eius. Sed velit enim expedita dolor qui consequatur. Doloribus distinctio enim sunt.','2014-08-13 09:40:33'),
                              ('77','77','77','Consequatur perspiciatis deleniti beatae vel est. Rerum sed est corporis dolor ea. Id aliquam laudantium placeat. Est voluptas velit eos esse ea molestiae.','2004-09-05 08:34:44'),
                              ('78','78','78','Iusto molestias quam eos necessitatibus cupiditate. Aperiam qui labore velit iste. Magni ut consequatur consequatur molestias dolore.','2003-02-03 02:15:11'),
                              ('79','79','79','Necessitatibus ullam voluptatem et nobis. Maiores aliquid aut rerum ea. Error hic consectetur enim cupiditate nihil.','1986-07-18 20:30:01'),
                              ('80','80','80','Mollitia qui voluptatem impedit quis perferendis ea. Est corrupti corrupti voluptatem voluptates. Nihil ut ullam quia beatae reiciendis.','1976-03-06 03:00:28'),
                              ('81','81','81','Voluptas expedita inventore eos aut harum culpa sequi quo. Qui nulla mollitia natus consequuntur quasi facere ab. Sit in dicta et.','1994-05-29 17:45:10'),
                              ('82','82','82','Nam qui qui voluptatum ad. Et occaecati voluptas reiciendis repellendus omnis. Hic natus qui voluptatem itaque consequatur iste molestiae. Autem praesentium deleniti cum.','2000-06-29 15:43:19'),
                              ('83','83','83','Amet dolorem sapiente occaecati officia illo. Repudiandae consequatur doloremque excepturi sunt dolorum soluta.','1992-03-05 06:35:49'),
                              ('84','84','84','Ut recusandae fugiat non. Omnis eligendi dolor autem mollitia fugiat. Animi quos atque assumenda omnis aut. Veritatis nulla alias corporis praesentium.','2005-03-28 10:27:24'),
                              ('85','85','85','Animi ducimus qui et omnis. Et laudantium repellendus inventore officiis qui. Mollitia eum a enim qui tempore officiis. Earum dolores deserunt consequatur.','1979-01-28 12:28:27'),
                              ('86','86','86','Officiis alias ea perspiciatis blanditiis ducimus rerum dolorem. Dicta in aliquid et. Ipsum beatae dolore expedita corporis distinctio vero minus. Odio voluptate molestiae rerum saepe nihil iusto.','1975-12-22 14:22:21'),
                              ('87','87','87','Animi debitis atque perferendis animi enim rerum. Reiciendis eos rerum tempore in veniam molestias. Minus maxime consequuntur facilis ut sed.','2002-05-29 12:06:50'),
                              ('88','88','88','Et numquam nostrum porro odio. Consequatur modi suscipit a voluptates sit.','2018-06-08 09:55:24'),
                              ('89','89','89','Qui laborum fugit qui sit velit earum aut id. Itaque reiciendis quos placeat quia totam non et voluptas. Id natus ullam neque ut mollitia sed ut.','2016-06-07 06:42:45'),
                              ('90','90','90','Ullam molestiae minima vero modi fugiat voluptas possimus. Nihil illum optio quod necessitatibus nihil necessitatibus veritatis. Cupiditate corporis et quidem autem tenetur ipsum. Qui sed quis labore voluptas et.','1982-06-20 15:51:32'),
                              ('91','91','91','At fugiat ullam ea quia ratione. Esse porro quia incidunt labore aspernatur. Enim explicabo illo incidunt sed. Repellendus exercitationem dicta sit quia. Quo optio repellendus dolores enim voluptatibus.','2003-06-08 13:23:39'),
                              ('92','92','92','Nemo adipisci qui doloremque facere quas consectetur. Expedita neque odit vel esse. Eos veritatis ducimus magni eum perspiciatis quia quo.','1993-03-23 15:51:58'),
                              ('93','93','93','Qui molestias error alias sint adipisci magni ab. At impedit sunt enim rerum quis est dolorem. Adipisci officia ullam quasi officia quo.','1989-10-15 05:11:43'),
                              ('94','94','94','Est fugit quia iusto voluptas nulla inventore laudantium. Qui quasi corrupti dolor pariatur. Odit adipisci ut vitae non nam occaecati. Itaque aut accusamus temporibus numquam amet voluptas expedita quam.','2006-04-17 12:40:26'),
                              ('95','95','95','In eaque perspiciatis et quo consequatur laudantium. Praesentium doloremque et eum ipsam quis consequuntur accusantium. Ad eum qui exercitationem doloribus suscipit. Inventore minima dolores fugit consequuntur in ducimus voluptatum.','2015-06-18 17:50:52'),
                              ('96','96','96','Aut sint et aut consectetur. Sit error quia at et doloribus ipsam. Illo voluptas et voluptatem aperiam dolore enim optio reprehenderit.','2012-02-17 09:23:58'),
                              ('97','97','97','Omnis nobis ut sed voluptates. Expedita deserunt quaerat molestias neque aut. Odio quia incidunt asperiores delectus sit. Qui hic in quibusdam assumenda. Sint et illum omnis vitae sed veritatis.','2008-02-03 20:40:55'),
                              ('98','98','98','Sit non ut rerum. Sapiente magnam dicta aut non a dicta. Inventore qui modi sapiente tenetur libero. Facere nemo aut nulla molestiae. Numquam iusto tenetur molestiae deleniti praesentium est adipisci qui.','2003-04-06 16:45:13'),
                              ('99','99','99','Et nisi quae ullam molestiae praesentium non molestiae. Nisi sit quia voluptate recusandae voluptatem nam. Dolorem perspiciatis quia dolor. Voluptatum reprehenderit earum dolorum doloribus.','1999-12-16 09:18:09'),
                              ('100','100','100','Aut eos numquam quis asperiores maxime. Maiores assumenda illum incidunt magnam. Eaque magnam fuga distinctio autem necessitatibus et voluptas. Dignissimos illum qui quis et consequuntur.','1984-09-27 13:15:32');


DROP TABLE IF EXISTS `photo_albums`;
CREATE TABLE `photo_albums` (
                                `id` bigint(20) unsigned NOT NULL AUTO_INCREMENT,
                                `name` varchar(255) COLLATE utf8_unicode_ci DEFAULT NULL,
                                `user_id` bigint(20) unsigned DEFAULT NULL,
                                PRIMARY KEY (`id`),
                                UNIQUE KEY `id` (`id`),
                                KEY `user_id` (`user_id`),
                                CONSTRAINT `photo_albums_ibfk_1` FOREIGN KEY (`user_id`) REFERENCES `users` (`id`)
) ENGINE=InnoDB AUTO_INCREMENT=101 DEFAULT CHARSET=utf8 COLLATE=utf8_unicode_ci;

INSERT INTO `photo_albums` VALUES ('1','est','1'),
                                  ('2','soluta','2'),
                                  ('3','vitae','3'),
                                  ('4','corrupti','4'),
                                  ('5','quaerat','5'),
                                  ('6','vel','6'),
                                  ('7','necessitatibus','7'),
                                  ('8','molestias','8'),
                                  ('9','sint','9'),
                                  ('10','veniam','10'),
                                  ('11','atque','11'),
                                  ('12','dicta','12'),
                                  ('13','nemo','13'),
                                  ('14','voluptatum','14'),
                                  ('15','quas','15'),
                                  ('16','quas','16'),
                                  ('17','ab','17'),
                                  ('18','quas','18'),
                                  ('19','facilis','19'),
                                  ('20','hic','20'),
                                  ('21','delectus','21'),
                                  ('22','facere','22'),
                                  ('23','eligendi','23'),
                                  ('24','rerum','24'),
                                  ('25','facilis','25'),
                                  ('26','vel','26'),
                                  ('27','accusantium','27'),
                                  ('28','et','28'),
                                  ('29','ad','29'),
                                  ('30','in','30'),
                                  ('31','aliquid','31'),
                                  ('32','repellendus','32'),
                                  ('33','expedita','33'),
                                  ('34','quia','34'),
                                  ('35','a','35'),
                                  ('36','omnis','36'),
                                  ('37','sunt','37'),
                                  ('38','rem','38'),
                                  ('39','impedit','39'),
                                  ('40','cum','40'),
                                  ('41','beatae','41'),
                                  ('42','sed','42'),
                                  ('43','officiis','43'),
                                  ('44','quia','44'),
                                  ('45','quod','45'),
                                  ('46','voluptas','46'),
                                  ('47','ipsum','47'),
                                  ('48','eius','48'),
                                  ('49','qui','49'),
                                  ('50','qui','50'),
                                  ('51','eaque','51'),
                                  ('52','dolor','52'),
                                  ('53','qui','53'),
                                  ('54','nulla','54'),
                                  ('55','mollitia','55'),
                                  ('56','nihil','56'),
                                  ('57','officia','57'),
                                  ('58','doloremque','58'),
                                  ('59','quasi','59'),
                                  ('60','velit','60'),
                                  ('61','sed','61'),
                                  ('62','rem','62'),
                                  ('63','qui','63'),
                                  ('64','maiores','64'),
                                  ('65','atque','65'),
                                  ('66','perspiciatis','66'),
                                  ('67','ad','67'),
                                  ('68','voluptates','68'),
                                  ('69','est','69'),
                                  ('70','quas','70'),
                                  ('71','recusandae','71'),
                                  ('72','excepturi','72'),
                                  ('73','consequatur','73'),
                                  ('74','veniam','74'),
                                  ('75','aliquid','75'),
                                  ('76','voluptas','76'),
                                  ('77','est','77'),
                                  ('78','voluptatem','78'),
                                  ('79','rerum','79'),
                                  ('80','quis','80'),
                                  ('81','dolorem','81'),
                                  ('82','vitae','82'),
                                  ('83','et','83'),
                                  ('84','illo','84'),
                                  ('85','enim','85'),
                                  ('86','optio','86'),
                                  ('87','neque','87'),
                                  ('88','deserunt','88'),
                                  ('89','omnis','89'),
                                  ('90','ex','90'),
                                  ('91','fuga','91'),
                                  ('92','sed','92'),
                                  ('93','sequi','93'),
                                  ('94','velit','94'),
                                  ('95','aut','95'),
                                  ('96','molestiae','96'),
                                  ('97','velit','97'),
                                  ('98','beatae','98'),
                                  ('99','error','99'),
                                  ('100','vero','100');


DROP TABLE IF EXISTS `photos`;
CREATE TABLE `photos` (
                          `id` bigint(20) unsigned NOT NULL AUTO_INCREMENT,
                          `album_id` bigint(20) unsigned NOT NULL,
                          `media_id` bigint(20) unsigned NOT NULL,
                          PRIMARY KEY (`id`),
                          KEY `album_id` (`album_id`),
                          KEY `media_id` (`media_id`),
                          CONSTRAINT `photos_ibfk_1` FOREIGN KEY (`album_id`) REFERENCES `photo_albums` (`id`),
                          CONSTRAINT `photos_ibfk_2` FOREIGN KEY (`media_id`) REFERENCES `media` (`id`)
) ENGINE=InnoDB AUTO_INCREMENT=101 DEFAULT CHARSET=utf8 COLLATE=utf8_unicode_ci;

INSERT INTO `photos` VALUES ('1','1','1'),
                            ('2','2','2'),
                            ('3','3','3'),
                            ('4','4','4'),
                            ('5','5','5'),
                            ('6','6','6'),
                            ('7','7','7'),
                            ('8','8','8'),
                            ('9','9','9'),
                            ('10','10','10'),
                            ('11','11','11'),
                            ('12','12','12'),
                            ('13','13','13'),
                            ('14','14','14'),
                            ('15','15','15'),
                            ('16','16','16'),
                            ('17','17','17'),
                            ('18','18','18'),
                            ('19','19','19'),
                            ('20','20','20'),
                            ('21','21','21'),
                            ('22','22','22'),
                            ('23','23','23'),
                            ('24','24','24'),
                            ('25','25','25'),
                            ('26','26','26'),
                            ('27','27','27'),
                            ('28','28','28'),
                            ('29','29','29'),
                            ('30','30','30'),
                            ('31','31','31'),
                            ('32','32','32'),
                            ('33','33','33'),
                            ('34','34','34'),
                            ('35','35','35'),
                            ('36','36','36'),
                            ('37','37','37'),
                            ('38','38','38'),
                            ('39','39','39'),
                            ('40','40','40'),
                            ('41','41','41'),
                            ('42','42','42'),
                            ('43','43','43'),
                            ('44','44','44'),
                            ('45','45','45'),
                            ('46','46','46'),
                            ('47','47','47'),
                            ('48','48','48'),
                            ('49','49','49'),
                            ('50','50','50'),
                            ('51','51','51'),
                            ('52','52','52'),
                            ('53','53','53'),
                            ('54','54','54'),
                            ('55','55','55'),
                            ('56','56','56'),
                            ('57','57','57'),
                            ('58','58','58'),
                            ('59','59','59'),
                            ('60','60','60'),
                            ('61','61','61'),
                            ('62','62','62'),
                            ('63','63','63'),
                            ('64','64','64'),
                            ('65','65','65'),
                            ('66','66','66'),
                            ('67','67','67'),
                            ('68','68','68'),
                            ('69','69','69'),
                            ('70','70','70'),
                            ('71','71','71'),
                            ('72','72','72'),
                            ('73','73','73'),
                            ('74','74','74'),
                            ('75','75','75'),
                            ('76','76','76'),
                            ('77','77','77'),
                            ('78','78','78'),
                            ('79','79','79'),
                            ('80','80','80'),
                            ('81','81','81'),
                            ('82','82','82'),
                            ('83','83','83'),
                            ('84','84','84'),
                            ('85','85','85'),
                            ('86','86','86'),
                            ('87','87','87'),
                            ('88','88','88'),
                            ('89','89','89'),
                            ('90','90','90'),
                            ('91','91','91'),
                            ('92','92','92'),
                            ('93','93','93'),
                            ('94','94','94'),
                            ('95','95','95'),
                            ('96','96','96'),
                            ('97','97','97'),
                            ('98','98','98'),
                            ('99','99','99'),
                            ('100','100','100');


DROP TABLE IF EXISTS `profiles`;
CREATE TABLE `profiles` (
                            `user_id` bigint(20) unsigned NOT NULL AUTO_INCREMENT,
                            `gender` char(1) COLLATE utf8_unicode_ci DEFAULT NULL,
                            `birthday` date DEFAULT NULL,
                            `photo_id` bigint(20) unsigned DEFAULT NULL,
                            `created_at` datetime DEFAULT current_timestamp(),
                            `hometown` varchar(100) COLLATE utf8_unicode_ci DEFAULT NULL,
                            PRIMARY KEY (`user_id`),
                            CONSTRAINT `profiles_ibfk_1` FOREIGN KEY (`user_id`) REFERENCES `users` (`id`) ON UPDATE CASCADE
) ENGINE=InnoDB AUTO_INCREMENT=101 DEFAULT CHARSET=utf8 COLLATE=utf8_unicode_ci;

INSERT INTO `profiles` VALUES ('1','f','1989-07-28','1','2004-07-04 23:37:23','quia'),
                              ('2','f','1994-07-17','2','1987-11-14 20:55:06','sunt'),
                              ('3','m','1982-01-26','3','1998-05-03 20:31:17','et'),
                              ('4','m','2018-10-23','4','2014-11-22 06:14:42','accusamus'),
                              ('5','f','2000-12-05','5','2014-09-21 04:05:57','aperiam'),
                              ('6','f','1970-05-03','6','1987-03-28 01:56:24','totam'),
                              ('7','f','1971-09-05','7','2005-01-27 11:59:30','laudantium'),
                              ('8','f','2014-08-24','8','2006-02-20 03:50:27','quidem'),
                              ('9','m','1992-03-30','9','1970-01-27 22:35:02','enim'),
                              ('10','m','2019-08-04','10','1976-09-30 02:31:05','sequi'),
                              ('11','f','2000-02-23','11','1973-03-28 17:43:26','iure'),
                              ('12','m','2010-10-20','12','1991-08-25 00:19:34','ut'),
                              ('13','m','2011-09-11','13','1997-09-30 02:08:01','ipsum'),
                              ('14','f','2015-01-05','14','2015-09-07 09:10:57','aut'),
                              ('15','m','1994-01-11','15','1976-12-17 01:21:34','voluptate'),
                              ('16','m','2018-08-24','16','1980-01-10 05:37:24','voluptas'),
                              ('17','f','1978-11-25','17','1993-02-24 07:42:26','cum'),
                              ('18','m','1990-11-22','18','2019-01-10 09:02:55','non'),
                              ('19','f','2012-09-13','19','1993-06-16 13:47:01','accusantium'),
                              ('20','m','1990-07-26','20','1992-01-08 20:51:26','nihil'),
                              ('21','f','1987-09-22','21','1992-08-12 15:45:02','sint'),
                              ('22','f','1972-04-08','22','1979-08-13 15:36:40','vel'),
                              ('23','f','1992-08-19','23','2012-12-25 15:00:14','et'),
                              ('24','f','1983-04-25','24','1975-07-02 02:19:07','nulla'),
                              ('25','f','1972-09-10','25','1973-07-19 01:28:16','pariatur'),
                              ('26','m','2000-09-27','26','1991-06-05 02:37:36','recusandae'),
                              ('27','m','2013-12-23','27','1982-03-15 08:47:35','quo'),
                              ('28','m','2005-10-09','28','2011-03-20 03:48:38','ea'),
                              ('29','f','1990-07-13','29','1998-07-04 11:25:07','corporis'),
                              ('30','m','1985-08-09','30','2007-05-22 02:07:45','sapiente'),
                              ('31','m','1981-07-11','31','2008-08-09 16:21:11','fugiat'),
                              ('32','m','1981-06-29','32','1977-06-07 07:49:53','magnam'),
                              ('33','f','1980-05-15','33','1995-04-24 17:11:06','sit'),
                              ('34','m','2019-09-21','34','1995-09-12 07:16:49','fuga'),
                              ('35','f','1992-07-28','35','2017-08-16 21:45:26','voluptatem'),
                              ('36','f','2010-01-03','36','2013-12-22 21:12:23','occaecati'),
                              ('37','m','1971-03-12','37','1997-04-29 05:42:49','perspiciatis'),
                              ('38','m','1972-11-10','38','2002-06-06 23:40:01','consequatur'),
                              ('39','f','1980-01-10','39','1980-01-04 03:11:08','dolores'),
                              ('40','f','1974-03-20','40','1978-12-26 12:00:39','repellendus'),
                              ('41','m','1988-08-01','41','1988-02-06 07:13:53','nulla'),
                              ('42','f','2002-03-10','42','1990-05-18 19:17:38','deleniti'),
                              ('43','m','1977-08-16','43','1992-10-27 05:15:51','ipsum'),
                              ('44','m','1993-02-01','44','1978-01-28 16:08:19','ipsa'),
                              ('45','m','1999-08-03','45','1975-04-02 17:30:54','eum'),
                              ('46','m','1997-04-24','46','1986-03-02 18:22:00','et'),
                              ('47','f','2014-02-16','47','2001-12-13 05:18:45','aliquid'),
                              ('48','m','2012-10-26','48','1979-02-15 23:09:57','sit'),
                              ('49','m','2006-10-23','49','2015-09-03 16:46:46','vel'),
                              ('50','m','1997-10-10','50','1974-09-13 06:24:36','et'),
                              ('51','m','1972-06-13','51','2002-11-22 08:42:18','et'),
                              ('52','f','2010-08-05','52','1970-02-13 07:06:13','fugit'),
                              ('53','f','1991-12-08','53','2011-06-19 21:09:00','pariatur'),
                              ('54','m','1972-12-17','54','1994-05-26 20:44:10','consequuntur'),
                              ('55','f','2008-11-27','55','2014-11-24 21:59:57','labore'),
                              ('56','f','2000-01-19','56','2005-07-18 09:58:19','odio'),
                              ('57','f','1990-04-30','57','1981-11-28 13:11:40','recusandae'),
                              ('58','f','1973-05-03','58','1976-05-04 19:36:12','dolorem'),
                              ('59','m','1988-12-28','59','1973-11-16 02:56:47','deleniti'),
                              ('60','f','1979-02-15','60','1991-05-12 03:17:06','fugiat'),
                              ('61','f','1976-04-11','61','1988-11-10 23:52:28','ut'),
                              ('62','f','1992-12-29','62','1987-07-27 03:01:37','beatae'),
                              ('63','f','1974-12-14','63','2005-07-06 19:23:50','sint'),
                              ('64','m','2018-06-06','64','1984-09-10 14:15:39','consequatur'),
                              ('65','f','2001-09-04','65','1998-02-17 10:24:25','accusantium'),
                              ('66','m','1981-11-28','66','1994-06-10 18:15:41','aliquam'),
                              ('67','f','1970-05-13','67','2006-02-05 02:56:51','minima'),
                              ('68','f','1991-03-22','68','1980-02-01 14:43:05','voluptatem'),
                              ('69','f','2003-12-04','69','2011-11-18 09:48:41','pariatur'),
                              ('70','m','2002-04-09','70','1989-03-30 10:27:56','qui'),
                              ('71','m','1981-01-12','71','2012-07-20 16:00:12','temporibus'),
                              ('72','f','1973-04-08','72','1977-06-25 11:53:57','unde'),
                              ('73','f','2005-10-28','73','2014-04-03 03:51:20','natus'),
                              ('74','f','1972-10-23','74','1991-11-09 23:12:47','hic'),
                              ('75','f','2000-05-31','75','2014-03-09 10:16:36','ut'),
                              ('76','m','1979-07-22','76','2016-06-22 01:29:08','ducimus'),
                              ('77','m','2006-04-26','77','2000-03-08 05:23:20','et'),
                              ('78','f','1975-01-06','78','1994-10-31 00:21:08','quae'),
                              ('79','m','1990-05-12','79','1988-11-04 22:18:27','ut'),
                              ('80','f','2016-02-24','80','1989-08-11 21:05:28','beatae'),
                              ('81','m','1988-08-13','81','2001-03-23 09:26:54','sit'),
                              ('82','f','2017-02-07','82','1994-05-07 03:23:03','odit'),
                              ('83','m','2001-12-25','83','2003-09-16 23:22:38','quia'),
                              ('84','m','1973-08-16','84','2018-01-27 01:56:36','delectus'),
                              ('85','m','1995-11-14','85','1982-12-01 22:06:07','rerum'),
                              ('86','f','1992-11-29','86','2001-02-02 09:32:06','sed'),
                              ('87','m','1976-12-08','87','1981-04-12 23:24:38','sequi'),
                              ('88','m','1982-02-20','88','2012-08-15 20:24:02','qui'),
                              ('89','f','1981-07-01','89','2016-09-20 23:30:21','possimus'),
                              ('90','f','1986-12-25','90','2009-07-31 03:41:01','quidem'),
                              ('91','f','2005-04-01','91','1997-09-18 08:35:54','ad'),
                              ('92','f','1972-09-13','92','2018-10-25 14:28:26','omnis'),
                              ('93','m','1970-08-30','93','1997-11-05 01:19:53','placeat'),
                              ('94','m','2002-10-24','94','2001-05-22 15:21:49','laborum'),
                              ('95','f','1970-05-25','95','1998-09-07 07:17:00','necessitatibus'),
                              ('96','f','2012-04-09','96','2018-08-01 05:39:41','enim'),
                              ('97','f','1970-09-09','97','1984-08-21 10:47:50','deserunt'),
                              ('98','m','1988-01-28','98','1984-01-04 18:19:44','vitae'),
                              ('99','m','1981-10-19','99','2008-12-05 20:21:33','labore'),
                              ('100','f','1999-11-27','100','2000-05-15 00:50:33','perferendis');


DROP TABLE IF EXISTS `users`;
CREATE TABLE `users` (
                         `id` bigint(20) unsigned NOT NULL AUTO_INCREMENT,
                         `firstname` varchar(50) COLLATE utf8_unicode_ci DEFAULT NULL,
                         `lastname` varchar(50) COLLATE utf8_unicode_ci DEFAULT NULL COMMENT '',
                         `email` varchar(120) COLLATE utf8_unicode_ci DEFAULT NULL,
                         `phone` bigint(20) DEFAULT NULL,
                         PRIMARY KEY (`id`),
                         UNIQUE KEY `email` (`email`),
                         KEY `users_phone_idx` (`phone`),
                         KEY `users_firstname_lastname_idx` (`firstname`,`lastname`)
) ENGINE=InnoDB AUTO_INCREMENT=101 DEFAULT CHARSET=utf8 COLLATE=utf8_unicode_ci;

INSERT INTO `users` VALUES ('1','Kenton','Monahan','ztremblay@example.com','0'),
                           ('2','Santa','Metz','cprosacco@example.net','0'),
                           ('3','Marion','Harris','caroline46@example.org','61'),
                           ('4','Walter','Hand','eemard@example.com','1'),
                           ('5','Vern','Labadie','myron07@example.org','509'),
                           ('6','Ansel','Legros','pierce.heaney@example.org','51656'),
                           ('7','Vincent','Quitzon','schiller.tamia@example.org','60'),
                           ('8','Saige','Streich','tomas.kessler@example.net','645072'),
                           ('9','Jamil','Barton','ollie81@example.net','871090'),
                           ('10','Myah','Bahringer','kameron93@example.org','351043'),
                           ('11','Tess','Smitham','zbarrows@example.net','0'),
                           ('12','Cheyanne','Medhurst','lola.paucek@example.org','743580'),
                           ('13','Imani','Mann','tess.stracke@example.com','199'),
                           ('14','Elliott','Jones','ieichmann@example.com','0'),
                           ('15','Kolby','Mayert','avery87@example.net','370'),
                           ('16','Shyanne','Rice','pouros.norval@example.net','158163'),
                           ('17','Austen','O\'Keefe','gottlieb.reynold@example.net','82'),
                           ('18','Frida','Cronin','daugherty.lilliana@example.com','6'),
                           ('19','Gladyce','Okuneva','tina.robel@example.com','0'),
                           ('20','Wilhelmine','Cormier','ella.koepp@example.org','269'),
                           ('21','Maud','Armstrong','candace.streich@example.org','253211'),
                           ('22','Tracy','Rath','carlotta89@example.com','14'),
                           ('23','Coralie','Kuhic','adelia.wehner@example.net','730'),
                           ('24','Savanah','Heller','josiane52@example.com','826747'),
                           ('25','Carli','Cole','gerda.bogisich@example.com','27'),
                           ('26','Hosea','Schaden','whowe@example.org','646'),
                           ('27','Jorge','West','xjacobi@example.net','0'),
                           ('28','Serenity','Mante','lhills@example.net','104190'),
                           ('29','Glennie','Streich','prohaska.ralph@example.com','1'),
                           ('30','Naomie','Lakin','madelyn.o\'conner@example.com','0'),
                           ('31','Myah','Hodkiewicz','wilderman.maxie@example.org','1'),
                           ('32','Amaya','Metz','dexter30@example.com','647192'),
                           ('33','Bryce','Johnson','hermann.mitchel@example.org','7233748709'),
                           ('34','Ephraim','Walker','greyson.cruickshank@example.net','926742'),
                           ('35','Addison','Kessler','paltenwerth@example.org','610343'),
                           ('36','Cierra','Hammes','jerry.rau@example.com','937856850'),
                           ('37','Jasper','Swaniawski','murray.khalid@example.net','1'),
                           ('38','Bennie','Ratke','sarah.friesen@example.org','18'),
                           ('39','Adah','McLaughlin','ljones@example.com','430'),
                           ('40','Kathlyn','Ritchie','randall.boyer@example.org','0'),
                           ('41','Marilou','Cummings','maritza.bashirian@example.com','490910'),
                           ('42','Ara','Daugherty','winnifred31@example.com','82417'),
                           ('43','Jalyn','Schuppe','langosh.aliya@example.com','540'),
                           ('44','Armando','Monahan','nicolas.reese@example.org','1'),
                           ('45','Anya','Wisoky','asia93@example.net','672636'),
                           ('46','Christop','Thiel','percival88@example.com','807780'),
                           ('47','Hollie','Wuckert','krajcik.virgie@example.com','357'),
                           ('48','Isaias','Kassulke','o\'conner.humberto@example.org','166796'),
                           ('49','Jace','Gibson','cristian.greenholt@example.org','1'),
                           ('50','Daren','Hagenes','strosin.verdie@example.com','1'),
                           ('51','Jada','Bruen','aimee95@example.net','0'),
                           ('52','Karelle','Pouros','bruen.heloise@example.net','732'),
                           ('53','Carlos','Thompson','alejandrin80@example.net','6446886619'),
                           ('54','Loy','Carroll','ole.heaney@example.net','0'),
                           ('55','Johnpaul','Stiedemann','lwilliamson@example.net','626257'),
                           ('56','Kaley','Ziemann','opal39@example.com','6071598619'),
                           ('57','Cassidy','D\'Amore','everette56@example.org','175127'),
                           ('58','Bernard','Howe','angus.murray@example.net','0'),
                           ('59','Brannon','Wolf','stracke.chandler@example.net','0'),
                           ('60','Filomena','Boyer','herminia05@example.org','554724'),
                           ('61','Merle','Hirthe','memard@example.net','1'),
                           ('62','Kyra','Huel','camren30@example.com','657874'),
                           ('63','Rocky','Wolff','alec84@example.net','500'),
                           ('64','Clyde','Doyle','aletha.schulist@example.net','1'),
                           ('65','Jeanie','Gusikowski','uswift@example.org','232060'),
                           ('66','Virginie','Wehner','plubowitz@example.com','1'),
                           ('67','Ashley','Wehner','ftillman@example.org','263339'),
                           ('68','Godfrey','Bahringer','rhoda.gerlach@example.org','661'),
                           ('69','Gladyce','Predovic','pacocha.kamron@example.org','1'),
                           ('70','Gracie','Bogisich','iva.kohler@example.net','1'),
                           ('71','Marlee','Reilly','freichert@example.com','92235722'),
                           ('72','Vivien','Bernhard','roma.shanahan@example.com','856'),
                           ('73','Lambert','Green','bode.linnie@example.org','1'),
                           ('74','Elenor','Robel','howe.barney@example.net','95'),
                           ('75','Rashawn','Trantow','ybergstrom@example.com','313770'),
                           ('76','Timmothy','King','meggie51@example.com','1'),
                           ('77','Doug','Robel','casandra60@example.net','0'),
                           ('78','Elaina','Streich','jschiller@example.org','154'),
                           ('79','Eve','Feil','rschmidt@example.net','0'),
                           ('80','London','Douglas','rice.crystel@example.com','0'),
                           ('81','Breanna','Prosacco','white.alene@example.com','0'),
                           ('82','Tessie','Schaefer','doyle.nigel@example.net','665752'),
                           ('83','Bernadine','Durgan','wharris@example.org','502342'),
                           ('84','Oma','Kunze','perry48@example.net','353'),
                           ('85','Nathan','Aufderhar','richie26@example.com','60'),
                           ('86','Burdette','Nicolas','qbuckridge@example.net','992998'),
                           ('87','Neoma','Emmerich','lisandro29@example.net','1'),
                           ('88','Cornelius','Ryan','d\'amore.gillian@example.net','0'),
                           ('89','Orie','Cormier','oeffertz@example.net','0'),
                           ('90','Alvah','Friesen','rylan.homenick@example.net','2'),
                           ('91','Vincenza','Daniel','ldach@example.net','76'),
                           ('92','Madge','Gleason','sborer@example.org','4108255282'),
                           ('93','Tanya','Langosh','konopelski.mariana@example.org','0'),
                           ('94','Berta','Kuhic','devan21@example.org','1'),
                           ('95','Etha','Jast','elangosh@example.net','8891856193'),
                           ('96','Jules','Hickle','kailee08@example.org','526282'),
                           ('97','Dayne','Jaskolski','madison95@example.com','466952'),
                           ('98','Chase','Jaskolski','gordon58@example.net','1839104345'),
                           ('99','Margret','Lemke','marisa.ledner@example.net','0'),
                           ('100','Carolina','DuBuque','mireille.kuvalis@example.net','52');


DROP TABLE IF EXISTS `users_communities`;
CREATE TABLE `users_communities` (
                                     `user_id` bigint(20) unsigned NOT NULL,
                                     `community_id` bigint(20) unsigned NOT NULL,
                                     PRIMARY KEY (`user_id`,`community_id`),
                                     KEY `community_id` (`community_id`),
                                     CONSTRAINT `users_communities_ibfk_1` FOREIGN KEY (`user_id`) REFERENCES `users` (`id`),
                                     CONSTRAINT `users_communities_ibfk_2` FOREIGN KEY (`community_id`) REFERENCES `communities` (`id`)
) ENGINE=InnoDB DEFAULT CHARSET=utf8 COLLATE=utf8_unicode_ci;

INSERT INTO `users_communities` VALUES ('1','1'),
                                       ('2','2'),
                                       ('3','3'),
                                       ('4','4'),
                                       ('5','5'),
                                       ('6','6'),
                                       ('7','7'),
                                       ('8','8'),
                                       ('9','9'),
                                       ('10','10'),
                                       ('11','11'),
                                       ('12','12'),
                                       ('13','13'),
                                       ('14','14'),
                                       ('15','15'),
                                       ('16','16'),
                                       ('17','17'),
                                       ('18','18'),
                                       ('19','19'),
                                       ('20','20'),
                                       ('21','21'),
                                       ('22','22'),
                                       ('23','23'),
                                       ('24','24'),
                                       ('25','25'),
                                       ('26','26'),
                                       ('27','27'),
                                       ('28','28'),
                                       ('29','29'),
                                       ('30','30'),
                                       ('31','31'),
                                       ('32','32'),
                                       ('33','33'),
                                       ('34','34'),
                                       ('35','35'),
                                       ('36','36'),
                                       ('37','37'),
                                       ('38','38'),
                                       ('39','39'),
                                       ('40','40'),
                                       ('41','41'),
                                       ('42','42'),
                                       ('43','43'),
                                       ('44','44'),
                                       ('45','45'),
                                       ('46','46'),
                                       ('47','47'),
                                       ('48','48'),
                                       ('49','49'),
                                       ('50','50'),
                                       ('51','51'),
                                       ('52','52'),
                                       ('53','53'),
                                       ('54','54'),
                                       ('55','55'),
                                       ('56','56'),
                                       ('57','57'),
                                       ('58','58'),
                                       ('59','59'),
                                       ('60','60'),
                                       ('61','61'),
                                       ('62','62'),
                                       ('63','63'),
                                       ('64','64'),
                                       ('65','65'),
                                       ('66','66'),
                                       ('67','67'),
                                       ('68','68'),
                                       ('69','69'),
                                       ('70','70'),
                                       ('71','71'),
                                       ('72','72'),
                                       ('73','73'),
                                       ('74','74'),
                                       ('75','75'),
                                       ('76','76'),
                                       ('77','77'),
                                       ('78','78'),
                                       ('79','79'),
                                       ('80','80'),
                                       ('81','81'),
                                       ('82','82'),
                                       ('83','83'),
                                       ('84','84'),
                                       ('85','85'),
                                       ('86','86'),
                                       ('87','87'),
                                       ('88','88'),
                                       ('89','89'),
                                       ('90','90'),
                                       ('91','91'),
                                       ('92','92'),
                                       ('93','93'),
                                       ('94','94'),
                                       ('95','95'),
                                       ('96','96'),
                                       ('97','97'),
                                       ('98','98'),
                                       ('99','99'),
                                       ('100','100');




/*!40101 SET SQL_MODE=@OLD_SQL_MODE */;
/*!40014 SET FOREIGN_KEY_CHECKS=@OLD_FOREIGN_KEY_CHECKS */;
/*!40014 SET UNIQUE_CHECKS=@OLD_UNIQUE_CHECKS */;
/*!40101 SET CHARACTER_SET_CLIENT=@OLD_CHARACTER_SET_CLIENT */;
/*!40101 SET CHARACTER_SET_RESULTS=@OLD_CHARACTER_SET_RESULTS */;
/*!40101 SET COLLATION_CONNECTION=@OLD_COLLATION_CONNECTION */;
/*!40111 SET SQL_NOTES=@OLD_SQL_NOTES */;

