-- MySQL dump 10.13  Distrib 5.7.27, for Linux (x86_64)
--
-- Host: 127.0.0.1    Database: vk
-- ------------------------------------------------------
-- Server version	5.7.27-0ubuntu0.18.04.1

/*!40101 SET @OLD_CHARACTER_SET_CLIENT = @@CHARACTER_SET_CLIENT */;
/*!40101 SET @OLD_CHARACTER_SET_RESULTS = @@CHARACTER_SET_RESULTS */;
/*!40101 SET @OLD_COLLATION_CONNECTION = @@COLLATION_CONNECTION */;
/*!40101 SET NAMES utf8 */;
/*!40103 SET @OLD_TIME_ZONE = @@TIME_ZONE */;
/*!40103 SET TIME_ZONE = '+00:00' */;
/*!40014 SET @OLD_UNIQUE_CHECKS = @@UNIQUE_CHECKS, UNIQUE_CHECKS = 0 */;
/*!40014 SET @OLD_FOREIGN_KEY_CHECKS = @@FOREIGN_KEY_CHECKS, FOREIGN_KEY_CHECKS = 0 */;
/*!40101 SET @OLD_SQL_MODE = @@SQL_MODE, SQL_MODE = 'NO_AUTO_VALUE_ON_ZERO' */;
/*!40111 SET @OLD_SQL_NOTES = @@SQL_NOTES, SQL_NOTES = 0 */;

--
-- Table structure for table `communities`
--

DROP TABLE IF EXISTS `communities`;
/*!40101 SET @saved_cs_client = @@character_set_client */;
/*!40101 SET character_set_client = utf8 */;
CREATE TABLE `communities`
(
    `id`   bigint(20) unsigned NOT NULL AUTO_INCREMENT,
    `name` varchar(150) COLLATE utf8_unicode_ci DEFAULT NULL,
    PRIMARY KEY (`id`),
    KEY `communities_name_idx` (`name`)
) ENGINE = InnoDB
  AUTO_INCREMENT = 101
  DEFAULT CHARSET = utf8
  COLLATE = utf8_unicode_ci;
/*!40101 SET character_set_client = @saved_cs_client */;

--
-- Dumping data for table `communities`
--

LOCK TABLES `communities` WRITE;
/*!40000 ALTER TABLE `communities`
    DISABLE KEYS */;
INSERT INTO `communities`
VALUES (77, 'a'),
       (70, 'accusamus'),
       (83, 'accusantium'),
       (56, 'ad'),
       (61, 'ad'),
       (88, 'aliquam'),
       (12, 'aspernatur'),
       (91, 'aspernatur'),
       (54, 'atque'),
       (17, 'autem'),
       (24, 'autem'),
       (6, 'blanditiis'),
       (55, 'blanditiis'),
       (32, 'commodi'),
       (87, 'consectetur'),
       (39, 'consequatur'),
       (18, 'culpa'),
       (26, 'deleniti'),
       (100, 'deleniti'),
       (58, 'dolores'),
       (74, 'ea'),
       (78, 'eaque'),
       (37, 'earum'),
       (42, 'enim'),
       (27, 'eos'),
       (9, 'esse'),
       (49, 'esse'),
       (51, 'esse'),
       (45, 'est'),
       (79, 'est'),
       (3, 'et'),
       (8, 'et'),
       (29, 'et'),
       (72, 'et'),
       (93, 'et'),
       (97, 'et'),
       (99, 'et'),
       (46, 'eum'),
       (15, 'ex'),
       (16, 'fuga'),
       (40, 'fuga'),
       (19, 'in'),
       (30, 'in'),
       (50, 'incidunt'),
       (53, 'itaque'),
       (52, 'iure'),
       (41, 'iusto'),
       (4, 'laudantium'),
       (64, 'minima'),
       (59, 'molestias'),
       (76, 'molestias'),
       (38, 'nam'),
       (98, 'nam'),
       (60, 'nemo'),
       (22, 'nihil'),
       (67, 'nihil'),
       (86, 'non'),
       (47, 'nulla'),
       (63, 'odit'),
       (80, 'officia'),
       (34, 'omnis'),
       (65, 'omnis'),
       (31, 'optio'),
       (48, 'provident'),
       (57, 'quae'),
       (71, 'quasi'),
       (66, 'qui'),
       (44, 'quia'),
       (73, 'quia'),
       (92, 'quia'),
       (94, 'quia'),
       (2, 'quis'),
       (13, 'quis'),
       (69, 'quis'),
       (35, 'quo'),
       (43, 'quo'),
       (68, 'reiciendis'),
       (82, 'reiciendis'),
       (20, 'rem'),
       (1, 'repudiandae'),
       (21, 'rerum'),
       (90, 'rerum'),
       (28, 'sapiente'),
       (95, 'sed'),
       (7, 'sequi'),
       (11, 'sequi'),
       (5, 'sit'),
       (10, 'sit'),
       (23, 'soluta'),
       (96, 'soluta'),
       (33, 'tempora'),
       (81, 'tempore'),
       (89, 'temporibus'),
       (84, 'tenetur'),
       (14, 'ut'),
       (25, 'ut'),
       (85, 'veritatis'),
       (36, 'voluptas'),
       (75, 'voluptas'),
       (62, 'voluptate');
/*!40000 ALTER TABLE `communities`
    ENABLE KEYS */;
UNLOCK TABLES;

--
-- Table structure for table `friend_requests`
--

DROP TABLE IF EXISTS `friend_requests`;
/*!40101 SET @saved_cs_client = @@character_set_client */;
/*!40101 SET character_set_client = utf8 */;
CREATE TABLE `friend_requests`
(
    `initiator_user_id` bigint(20) unsigned NOT NULL,
    `target_user_id`    bigint(20) unsigned NOT NULL,
    `status`            enum ('requested','approved','unfriended','declined') COLLATE utf8_unicode_ci DEFAULT NULL,
    `requested_at`      datetime                                                                      DEFAULT CURRENT_TIMESTAMP,
    `confirmed_at`      datetime                                                                      DEFAULT NULL,
    PRIMARY KEY (`initiator_user_id`, `target_user_id`),
    KEY `initiator_user_id` (`initiator_user_id`),
    KEY `target_user_id` (`target_user_id`),
    CONSTRAINT `friend_requests_ibfk_1` FOREIGN KEY (`initiator_user_id`) REFERENCES `users` (`id`),
    CONSTRAINT `friend_requests_ibfk_2` FOREIGN KEY (`target_user_id`) REFERENCES `users` (`id`)
) ENGINE = InnoDB
  DEFAULT CHARSET = utf8
  COLLATE = utf8_unicode_ci;
/*!40101 SET character_set_client = @saved_cs_client */;

--
-- Dumping data for table `friend_requests`
--

LOCK TABLES `friend_requests` WRITE;
/*!40000 ALTER TABLE `friend_requests`
    DISABLE KEYS */;
INSERT INTO `friend_requests`
VALUES (1, 12, 'approved', '1988-07-04 17:14:09', '1981-04-19 08:16:47'),
       (2, 20, 'approved', '2008-02-05 05:25:43', '1994-05-26 12:03:05'),
       (3, 60, 'requested', '2000-05-24 14:28:44', '2009-11-01 07:33:15'),
       (4, 59, 'approved', '1987-05-27 06:37:41', '1996-03-20 14:10:39'),
       (6, 75, 'declined', '1994-02-13 01:55:47', '1993-06-04 16:51:50'),
       (6, 100, 'requested', '1981-11-14 11:30:38', '2001-03-08 20:33:03'),
       (7, 8, 'requested', '2007-01-01 15:29:15', '2013-06-30 23:47:04'),
       (7, 79, 'declined', '1977-05-20 06:13:35', '1993-04-24 13:59:05'),
       (8, 51, 'unfriended', '2013-02-25 09:30:32', '1994-03-22 00:39:49'),
       (9, 70, 'unfriended', '1984-10-28 07:30:18', '2017-02-05 15:21:57'),
       (10, 1, 'unfriended', '2007-04-30 03:05:23', '1990-01-07 03:10:50'),
       (10, 20, 'approved', '2018-11-10 18:54:51', '1982-07-29 08:33:23'),
       (10, 35, 'requested', '1993-12-03 06:01:03', '2010-07-05 11:54:26'),
       (10, 76, 'unfriended', '1998-06-02 20:59:20', '2013-01-30 17:39:20'),
       (10, 88, 'approved', '1971-08-17 06:49:34', '1972-09-27 02:25:52'),
       (13, 45, 'approved', '2015-10-27 14:30:07', '1997-04-19 08:19:39'),
       (13, 100, 'unfriended', '1987-05-03 06:55:23', '2006-04-27 20:06:49'),
       (16, 66, 'unfriended', '1996-07-15 13:51:57', '1994-08-21 22:22:52'),
       (16, 84, 'requested', '2000-05-24 05:25:44', '1994-04-06 16:57:55'),
       (17, 41, 'unfriended', '1977-10-15 01:29:06', '1996-12-21 16:35:45'),
       (18, 20, 'approved', '1973-01-24 23:46:49', '1973-01-12 00:27:50'),
       (19, 7, 'declined', '1985-09-03 21:51:07', '1979-01-23 07:55:05'),
       (21, 60, 'approved', '1972-08-30 10:10:37', '1986-09-06 10:06:49'),
       (22, 42, 'declined', '1980-01-20 17:27:28', '1998-01-23 03:48:23'),
       (22, 58, 'approved', '2010-09-19 22:23:22', '1972-06-14 06:16:23'),
       (23, 16, 'declined', '2011-11-30 19:29:27', '2004-10-24 15:30:48'),
       (23, 22, 'approved', '2015-11-01 10:07:42', '1983-10-26 00:50:59'),
       (23, 24, 'unfriended', '1986-05-12 07:21:12', '1990-09-16 05:26:24'),
       (23, 78, 'approved', '1987-05-30 03:24:27', '2007-05-23 11:17:43'),
       (25, 5, 'unfriended', '2002-07-03 00:32:57', '2013-09-01 06:09:30'),
       (25, 20, 'approved', '1984-08-05 13:25:52', '2011-12-02 15:19:35'),
       (25, 41, 'declined', '1991-05-29 01:39:11', '1979-04-14 23:02:13'),
       (25, 43, 'declined', '1982-11-22 01:30:51', '2004-07-14 07:12:34'),
       (25, 46, 'requested', '2018-05-30 17:56:23', '2019-03-24 21:48:58'),
       (28, 20, 'approved', '2001-04-01 16:05:04', '2010-07-13 14:28:45'),
       (28, 54, 'declined', '1980-03-29 20:21:09', '2003-05-31 20:36:05'),
       (28, 66, 'requested', '2017-07-12 15:18:42', '1983-10-03 21:56:28'),
       (31, 62, 'declined', '1983-02-20 18:06:58', '1976-10-22 18:10:34'),
       (33, 20, 'approved', '1986-11-05 12:14:21', '1984-09-22 07:47:37'),
       (33, 92, 'approved', '1980-03-19 18:28:55', '1973-05-11 10:47:26'),
       (34, 80, 'requested', '1996-09-09 15:08:08', '1980-02-04 02:30:04'),
       (35, 2, 'approved', '2017-08-05 04:17:27', '2017-02-12 14:35:23'),
       (36, 45, 'declined', '1996-09-01 13:25:14', '1971-11-16 00:17:24'),
       (38, 12, 'requested', '2003-05-17 00:15:20', '1996-04-10 12:08:47'),
       (39, 49, 'approved', '1976-02-08 10:48:37', '2009-09-22 00:03:39'),
       (39, 66, 'requested', '1979-05-04 03:54:07', '1982-10-08 10:10:10'),
       (40, 32, 'unfriended', '1997-10-03 05:59:04', '2018-04-17 06:46:18'),
       (42, 27, 'declined', '1974-07-14 05:24:45', '1996-10-29 13:14:22'),
       (43, 10, 'unfriended', '2016-01-10 18:52:27', '1984-01-24 06:21:38'),
       (45, 25, 'requested', '1989-06-17 20:37:47', '2005-07-31 23:28:15'),
       (45, 53, 'unfriended', '2019-05-09 14:34:35', '1979-11-20 15:21:38'),
       (47, 84, 'approved', '2002-08-29 09:08:13', '2007-03-01 15:54:27'),
       (49, 20, 'approved', '2000-09-30 16:57:43', '2011-07-27 17:56:57'),
       (50, 12, 'unfriended', '1995-12-19 10:56:07', '1992-12-21 14:09:22'),
       (50, 15, 'approved', '1995-01-21 16:41:15', '1977-04-18 02:39:04'),
       (51, 38, 'approved', '1976-05-20 23:21:10', '1993-08-03 16:08:43'),
       (53, 60, 'requested', '1984-05-08 11:00:43', '1995-08-05 18:23:47'),
       (54, 26, 'unfriended', '1985-06-01 03:15:11', '1984-06-25 01:14:03'),
       (56, 64, 'requested', '2010-09-15 10:44:34', '1985-06-22 10:08:29'),
       (58, 12, 'approved', '1997-12-07 05:50:46', '1991-09-30 02:03:40'),
       (58, 31, 'approved', '2008-04-11 01:31:33', '1971-03-31 07:26:29'),
       (59, 58, 'approved', '2005-12-18 09:28:06', '1993-10-20 22:36:32'),
       (62, 56, 'approved', '2001-09-04 16:01:19', '2005-04-01 05:18:36'),
       (63, 54, 'requested', '1976-10-04 19:54:48', '1975-07-31 02:52:51'),
       (63, 56, 'requested', '2015-03-22 00:23:40', '2007-06-25 04:57:09'),
       (63, 62, 'requested', '2009-08-14 20:11:37', '2018-01-04 17:51:04'),
       (64, 44, 'approved', '1995-01-01 11:18:41', '2009-03-25 04:51:56'),
       (64, 55, 'declined', '1976-01-09 15:01:22', '1998-06-16 17:59:39'),
       (64, 61, 'approved', '2003-12-28 10:15:58', '2000-06-12 09:39:27'),
       (64, 88, 'requested', '2007-05-16 21:03:19', '2001-04-17 08:57:58'),
       (66, 39, 'approved', '1970-02-02 03:48:25', '1989-10-23 08:44:19'),
       (67, 26, 'requested', '2001-12-14 20:06:41', '2006-07-30 17:04:17'),
       (68, 81, 'requested', '1989-09-18 18:21:45', '1975-07-18 17:04:53'),
       (69, 74, 'unfriended', '2001-07-19 08:39:21', '2012-06-21 16:50:08'),
       (72, 43, 'unfriended', '2015-04-12 00:58:35', '1983-12-24 21:55:14'),
       (73, 85, 'unfriended', '1979-11-15 23:31:51', '1982-11-25 20:43:35'),
       (75, 58, 'requested', '1990-12-08 00:55:36', '1973-02-21 03:43:28'),
       (76, 75, 'declined', '1990-06-07 13:13:38', '2013-03-26 04:17:13'),
       (78, 40, 'declined', '2011-05-13 12:11:44', '1986-07-25 13:40:30'),
       (79, 65, 'unfriended', '2016-06-05 19:04:31', '2014-04-05 19:14:54'),
       (81, 38, 'declined', '1994-05-22 08:37:50', '1983-08-19 13:19:37'),
       (81, 54, 'unfriended', '1987-05-02 19:47:42', '1976-05-09 12:54:43'),
       (82, 22, 'declined', '2019-02-12 03:15:01', '2014-11-02 23:33:17'),
       (82, 68, 'approved', '2008-10-02 16:55:13', '1982-10-09 12:01:55'),
       (82, 97, 'requested', '2006-09-03 03:36:35', '1991-01-23 09:37:16'),
       (84, 14, 'declined', '1977-08-19 10:13:38', '1998-11-25 20:37:41'),
       (85, 22, 'requested', '1985-12-17 11:18:21', '2003-08-30 11:47:14'),
       (86, 3, 'approved', '1994-08-07 05:41:53', '2010-10-26 09:05:03'),
       (86, 8, 'requested', '1997-12-15 16:21:38', '2007-12-21 22:36:36'),
       (88, 9, 'declined', '2019-09-28 04:43:02', '1970-11-12 23:19:59'),
       (89, 33, 'approved', '2011-05-07 19:38:46', '1978-01-07 12:39:27'),
       (91, 4, 'declined', '1999-02-01 06:55:23', '2004-03-27 14:05:44'),
       (92, 33, 'requested', '1991-06-30 17:38:38', '2008-03-07 01:24:08'),
       (92, 49, 'approved', '2002-07-02 06:26:58', '1991-04-21 23:40:35'),
       (92, 74, 'approved', '1988-03-29 02:52:49', '2010-12-10 03:16:34'),
       (93, 55, 'requested', '2015-03-03 09:09:25', '2000-04-14 11:09:09'),
       (94, 5, 'approved', '2003-02-28 01:49:01', '2004-08-28 20:55:42'),
       (98, 20, 'unfriended', '2009-02-11 03:59:14', '2011-04-28 07:01:33'),
       (100, 19, 'approved', '2017-08-04 20:48:43', '1992-02-20 23:36:19');
/*!40000 ALTER TABLE `friend_requests`
    ENABLE KEYS */;
UNLOCK TABLES;

--
-- Table structure for table `likes`
--

DROP TABLE IF EXISTS `likes`;
/*!40101 SET @saved_cs_client = @@character_set_client */;
/*!40101 SET character_set_client = utf8 */;
CREATE TABLE `likes`
(
    `id`         bigint(20) unsigned NOT NULL AUTO_INCREMENT,
    `user_id`    bigint(20) unsigned NOT NULL,
    `media_id`   bigint(20) unsigned NOT NULL,
    `created_at` datetime DEFAULT CURRENT_TIMESTAMP,
    PRIMARY KEY (`id`)
) ENGINE = InnoDB
  AUTO_INCREMENT = 101
  DEFAULT CHARSET = utf8
  COLLATE = utf8_unicode_ci;
/*!40101 SET character_set_client = @saved_cs_client */;

--
-- Dumping data for table `likes`
--

LOCK TABLES `likes` WRITE;
/*!40000 ALTER TABLE `likes`
    DISABLE KEYS */;
INSERT INTO `likes`
VALUES (1, 68, 70, '2005-01-14 13:04:51'),
       (2, 41, 89, '2012-08-09 15:42:46'),
       (3, 100, 80, '1994-05-07 15:35:50'),
       (4, 22, 21, '1983-03-07 13:12:41'),
       (5, 73, 28, '1985-06-16 13:53:37'),
       (6, 18, 1, '1994-05-29 20:05:18'),
       (7, 31, 15, '1995-09-14 08:24:17'),
       (8, 73, 80, '2006-05-18 04:19:51'),
       (9, 42, 49, '2011-12-10 08:26:07'),
       (10, 44, 8, '1984-10-21 06:07:36'),
       (11, 79, 5, '2016-12-24 05:36:57'),
       (12, 42, 79, '2000-10-18 17:11:29'),
       (13, 5, 29, '2007-12-26 10:43:16'),
       (14, 48, 42, '1986-10-12 08:52:15'),
       (15, 66, 47, '2016-10-08 02:32:16'),
       (16, 89, 34, '1990-08-08 11:49:00'),
       (17, 17, 30, '2013-06-07 07:31:35'),
       (18, 22, 16, '1975-03-26 23:28:50'),
       (19, 9, 44, '2008-08-12 14:44:44'),
       (20, 37, 81, '2003-07-24 20:58:13'),
       (21, 71, 54, '2018-11-03 16:52:44'),
       (22, 82, 1, '1994-09-12 07:03:19'),
       (23, 69, 55, '2012-01-04 12:36:01'),
       (24, 80, 10, '1997-05-08 00:37:16'),
       (25, 3, 24, '1977-08-28 07:17:21'),
       (26, 17, 82, '2003-09-08 20:51:31'),
       (27, 29, 58, '2019-01-18 19:46:10'),
       (28, 61, 33, '2000-01-11 07:59:50'),
       (29, 87, 8, '2016-04-12 18:11:07'),
       (30, 74, 52, '2017-03-05 01:22:37'),
       (31, 55, 63, '2008-10-07 20:18:41'),
       (32, 86, 71, '2010-09-16 09:50:55'),
       (33, 92, 7, '1993-07-23 20:30:13'),
       (34, 87, 1, '2003-07-17 18:51:44'),
       (35, 50, 23, '1972-12-20 03:42:12'),
       (36, 81, 21, '2008-01-21 11:06:47'),
       (37, 76, 63, '2014-11-12 18:18:56'),
       (38, 21, 45, '1992-06-20 06:25:31'),
       (39, 17, 1, '1991-01-14 05:10:59'),
       (40, 54, 20, '2005-06-24 05:56:03'),
       (41, 24, 70, '1980-04-05 10:06:11'),
       (42, 1, 52, '1989-11-20 03:50:19'),
       (43, 28, 61, '2006-12-14 04:43:59'),
       (44, 85, 14, '1980-01-20 08:32:41'),
       (45, 69, 59, '2015-12-28 04:51:47'),
       (46, 66, 24, '2002-02-14 22:25:54'),
       (47, 21, 51, '1974-11-25 17:36:04'),
       (48, 95, 13, '1979-10-11 10:56:37'),
       (49, 58, 81, '1978-02-23 07:49:36'),
       (50, 13, 8, '1992-11-20 17:32:48'),
       (51, 4, 94, '1984-03-29 07:51:13'),
       (52, 28, 80, '2018-06-04 14:34:06'),
       (53, 56, 48, '1991-07-20 04:46:37'),
       (54, 24, 72, '2005-07-21 19:18:03'),
       (55, 48, 77, '2010-10-03 12:32:19'),
       (56, 91, 72, '1978-10-27 20:33:57'),
       (57, 47, 92, '2004-01-03 14:42:29'),
       (58, 24, 75, '1977-01-17 21:22:21'),
       (59, 53, 9, '1995-05-18 15:45:24'),
       (60, 89, 22, '2009-11-26 08:18:15'),
       (61, 67, 54, '1975-12-17 16:36:32'),
       (62, 46, 88, '1990-05-29 17:58:03'),
       (63, 5, 40, '1997-09-30 06:28:20'),
       (64, 1, 62, '2003-05-15 13:02:37'),
       (65, 21, 13, '1971-08-24 13:56:15'),
       (66, 70, 25, '1998-09-30 22:05:00'),
       (67, 6, 97, '1995-11-13 04:45:19'),
       (68, 4, 62, '1992-12-09 14:26:28'),
       (69, 45, 28, '2018-08-11 04:04:03'),
       (70, 34, 93, '2015-08-01 16:35:41'),
       (71, 5, 25, '1995-01-18 05:12:55'),
       (72, 65, 51, '1974-11-07 23:25:22'),
       (73, 17, 89, '1975-10-12 11:35:19'),
       (74, 26, 69, '2012-07-29 16:42:08'),
       (75, 97, 14, '2004-08-30 19:20:24'),
       (76, 91, 64, '2016-01-29 20:30:51'),
       (77, 68, 36, '2007-02-01 01:31:53'),
       (78, 51, 72, '1990-04-19 06:13:07'),
       (79, 76, 51, '1995-07-15 22:22:59'),
       (80, 34, 97, '2003-12-22 23:01:01'),
       (81, 64, 3, '1998-02-19 02:31:53'),
       (82, 21, 70, '2014-12-03 02:21:45'),
       (83, 100, 25, '2009-09-22 16:17:03'),
       (84, 31, 45, '1990-03-15 22:11:45'),
       (85, 52, 65, '1996-12-28 14:19:05'),
       (86, 37, 56, '2001-01-24 09:04:43'),
       (87, 89, 2, '1999-04-16 12:40:32'),
       (88, 7, 5, '1977-08-27 10:31:23'),
       (89, 90, 32, '1996-01-22 05:40:45'),
       (90, 74, 86, '1993-10-03 18:54:49'),
       (91, 46, 65, '2016-03-10 15:23:58'),
       (92, 49, 13, '1984-05-28 13:22:08'),
       (93, 1, 100, '1973-07-13 07:56:30'),
       (94, 84, 76, '2019-06-04 22:17:21'),
       (95, 51, 17, '2005-12-12 18:34:26'),
       (96, 72, 14, '2002-04-22 12:36:13'),
       (97, 20, 93, '1999-11-03 22:51:24'),
       (98, 84, 19, '1992-12-28 01:24:55'),
       (99, 17, 15, '2000-11-18 23:39:32'),
       (100, 63, 68, '2004-11-04 16:08:39');
/*!40000 ALTER TABLE `likes`
    ENABLE KEYS */;
UNLOCK TABLES;

--
-- Table structure for table `media`
--

DROP TABLE IF EXISTS `media`;
/*!40101 SET @saved_cs_client = @@character_set_client */;
/*!40101 SET character_set_client = utf8 */;
CREATE TABLE `media`
(
    `id`            bigint(20) unsigned NOT NULL AUTO_INCREMENT,
    `media_type_id` bigint(20) unsigned NOT NULL,
    `user_id`       bigint(20) unsigned NOT NULL,
    `body`          text COLLATE utf8_unicode_ci,
    `filename`      varchar(255) COLLATE utf8_unicode_ci DEFAULT NULL,
    `size`          int(11)                              DEFAULT NULL,
    `metadata`      longtext CHARACTER SET utf8mb4 COLLATE utf8mb4_bin,
    `created_at`    datetime                             DEFAULT CURRENT_TIMESTAMP,
    `updated_at`    datetime                             DEFAULT CURRENT_TIMESTAMP ON UPDATE CURRENT_TIMESTAMP,
    PRIMARY KEY (`id`),
    KEY `user_id` (`user_id`),
    KEY `media_type_id` (`media_type_id`),
    CONSTRAINT `media_ibfk_1` FOREIGN KEY (`user_id`) REFERENCES `users` (`id`),
    CONSTRAINT `media_ibfk_2` FOREIGN KEY (`media_type_id`) REFERENCES `media_types` (`id`)
) ENGINE = InnoDB
  AUTO_INCREMENT = 101
  DEFAULT CHARSET = utf8
  COLLATE = utf8_unicode_ci;
/*!40101 SET character_set_client = @saved_cs_client */;

--
-- Dumping data for table `media`
--

LOCK TABLES `media` WRITE;
/*!40000 ALTER TABLE `media`
    DISABLE KEYS */;
INSERT INTO `media`
VALUES (1, 8, 65,
        'Nobis excepturi nihil consequatur qui. Fugiat rerum illo corrupti aut voluptatum omnis. Dicta sit deserunt similique omnis dignissimos autem ratione in. Doloribus ullam eveniet sit debitis.',
        'quaerat', 91851615, NULL, '2015-11-15 11:51:20', '2013-08-07 13:24:26'),
       (2, 10, 55,
        'In tempore necessitatibus soluta voluptatibus. Doloribus sunt qui nisi ea. Nemo ea alias perspiciatis fugiat.',
        'esse', 92943610, NULL, '1973-08-21 01:42:58', '1997-04-30 10:42:25'),
       (3, 8, 93,
        'Et similique illum aut labore omnis. Fuga quae voluptates vero ut commodi deserunt. Quaerat nam voluptate voluptates autem ullam non consectetur. Non hic est quo odit.',
        'inventore', 152377240, NULL, '2013-07-08 23:23:04', '1978-03-12 07:08:10'),
       (4, 7, 14,
        'Dignissimos minima rerum praesentium. Praesentium eos eveniet quia aut ipsum repellendus reprehenderit nulla. Vel voluptatem qui laboriosam in officia in.',
        'ab', 69, NULL, '2007-01-20 21:59:27', '1987-06-25 03:08:32'),
       (5, 6, 1,
        'Eaque vel nesciunt omnis voluptas omnis sit et. Neque et explicabo aut aut blanditiis alias iure. Cumque repellendus praesentium aut aut illo ut.',
        'laboriosam', 85255, NULL, '1978-04-24 17:44:36', '1983-07-16 02:29:49'),
       (6, 8, 57,
        'Quo illum aspernatur tenetur dolor. Impedit explicabo neque rem nam provident. Et in sunt deserunt ut deleniti eius. Nihil ea excepturi nisi corrupti molestiae atque voluptatem. Accusamus corrupti aperiam sint ab consequuntur id.',
        'quisquam', 9, NULL, '2015-01-01 17:51:22', '1999-03-31 07:11:56'),
       (7, 4, 72,
        'Officia amet ut consectetur consequatur. Ut consequatur id ut ullam qui. Modi dolorum vel voluptatem earum amet et.',
        'repellendus', 638593, NULL, '2002-09-04 20:36:54', '1987-07-23 02:09:07'),
       (8, 1, 99, 'Porro vel facilis doloremque distinctio id. Laboriosam nesciunt culpa aut debitis voluptas aut.',
        'nam', 443766, NULL, '2017-12-06 02:25:43', '1974-12-30 20:26:53'),
       (9, 2, 61,
        'Aut molestiae eveniet rerum iure beatae et debitis. Praesentium praesentium ut dolorum quis qui facere dolores et. Similique consequatur illum doloribus maiores aliquid. Voluptatem magnam qui officiis voluptas exercitationem modi.',
        'velit', 9248689, NULL, '1999-09-05 21:39:06', '1973-07-07 05:56:27'),
       (10, 4, 25,
        'Esse mollitia saepe maiores sunt. Voluptas doloremque earum in enim esse voluptate. Consequuntur rem nostrum dolor qui aut laudantium.',
        'hic', 211, NULL, '2003-08-15 23:38:44', '2001-08-17 01:36:31'),
       (11, 9, 74,
        'Laboriosam nisi eos libero et et. Totam rerum molestiae reprehenderit a voluptatem quia iusto ipsa. Quia aliquam minima nihil fuga a. Et molestiae minus vitae dolorum voluptas illo ea.',
        'repellendus', 522, NULL, '1983-02-02 14:11:40', '2002-01-19 02:14:39'),
       (12, 10, 22,
        'Enim nulla voluptatem molestiae expedita sed corrupti perspiciatis fugiat. Pariatur qui molestias non praesentium molestiae. Est qui soluta assumenda iusto a non repudiandae. Nihil ipsam tenetur exercitationem commodi. Unde qui soluta hic ad.',
        'qui', 984377102, NULL, '1984-10-26 01:42:49', '2012-04-02 16:47:57'),
       (13, 2, 12,
        'Ipsum accusamus expedita a dolorum. Itaque quia sequi suscipit quidem impedit harum numquam. Autem optio occaecati dignissimos ut iure voluptatum porro.',
        'impedit', 753526684, NULL, '1988-10-14 23:05:54', '1989-09-14 15:57:36'),
       (14, 7, 94,
        'Et omnis fuga ea omnis. Sed aut aut modi veritatis omnis dolorem odio distinctio. Pariatur delectus error repudiandae necessitatibus iusto ut vel. Non ipsum quo id hic sed dignissimos.',
        'consequatur', 6, NULL, '1989-03-28 02:00:03', '2010-04-08 18:43:39'),
       (15, 9, 28,
        'Amet aliquid voluptatem assumenda aut officia. Doloribus minima rerum vero accusantium nesciunt magnam sed. Non velit et et repellat. Numquam ratione doloribus et unde dolorum.',
        'autem', 273583, NULL, '1995-11-11 03:44:30', '1983-12-12 14:15:44'),
       (16, 1, 59,
        'Autem tenetur odit aperiam vero natus et nihil. Et rerum eligendi hic eveniet dicta. Minima veritatis odit et qui est id explicabo voluptatem. Qui nihil a illo voluptates tenetur.',
        'laudantium', 8673, NULL, '2008-02-08 17:39:49', '2000-03-15 20:23:27'),
       (17, 10, 95,
        'Ipsa eos excepturi tempore atque minima eveniet quia. Blanditiis voluptas fugit incidunt itaque voluptatibus exercitationem est.',
        'dolore', 56214, NULL, '1989-04-29 15:52:03', '1998-04-03 00:36:28'),
       (18, 2, 69,
        'Ut hic et ipsa dignissimos facere quo ullam. Rerum error velit rerum accusamus deleniti dolorum doloribus. Voluptatum est minus nam.',
        'magnam', 2, NULL, '1993-03-01 18:34:57', '2014-11-25 22:25:25'),
       (19, 9, 80,
        'Quam modi dicta iusto ab temporibus. Incidunt veritatis voluptatum magni corporis vel quo. Aut aut aspernatur fugit sit rerum.',
        'deserunt', 9671151, NULL, '2018-10-19 01:14:11', '1991-06-08 09:36:28'),
       (20, 9, 46,
        'Sit at ut iste ut. Et suscipit cupiditate sit ea. Possimus est ullam sequi cumque quo quidem ut aut.', 'alias',
        162073, NULL, '2014-09-01 15:01:39', '1970-04-01 13:34:11'),
       (21, 9, 60,
        'Quia quia esse sint unde beatae odio. Nobis quaerat corrupti quaerat iusto. Non laborum nostrum distinctio a alias non non at. Autem ut repudiandae error accusantium id aut.',
        'in', 54957855, NULL, '1980-08-05 00:18:35', '1976-09-10 01:42:54'),
       (22, 1, 16,
        'Pariatur facilis omnis eius veritatis. At adipisci non neque facere cupiditate et quos. Sit quam asperiores deleniti id odio recusandae rerum.',
        'eaque', 613, NULL, '2001-05-31 09:25:27', '1973-02-10 12:20:16'),
       (23, 4, 6, 'Velit ipsa aperiam architecto quia. Aut odio aut animi minus eaque ex. Et in corrupti aut.', 'sit',
        9088, NULL, '2006-10-19 19:53:03', '2018-11-25 05:13:12'),
       (24, 2, 43,
        'Est aut sapiente odit omnis. Quidem ipsam commodi nam quis perferendis ullam quibusdam sit. Debitis officiis ea ea esse tempore odio. Quia excepturi ratione delectus architecto.',
        'magnam', 740415193, NULL, '2009-03-19 10:50:32', '1993-11-15 00:36:13'),
       (25, 7, 51,
        'Et quis eveniet exercitationem officia voluptas dolore. Et quibusdam temporibus quis possimus enim qui. Aut aut nobis nihil rem velit.',
        'ipsa', 752, NULL, '2019-04-02 23:06:19', '1993-08-23 17:29:48'),
       (26, 7, 57,
        'Ipsam magni possimus amet repudiandae deserunt dolor. Ducimus qui rem explicabo perspiciatis fugiat eum. Laudantium id consectetur mollitia deleniti sit porro.',
        'ad', 11641, NULL, '2018-10-13 19:02:53', '2013-07-11 17:43:52'),
       (27, 3, 59,
        'Omnis laboriosam modi velit hic. Vero nesciunt et laborum dolorum accusantium tempora. Quasi in et voluptatibus debitis temporibus vero rerum. Eius maxime est corrupti est.',
        'et', 523, NULL, '1993-11-29 06:42:38', '2016-01-13 16:50:08'),
       (28, 8, 40,
        'Amet beatae ut inventore sunt. Placeat pariatur ut ipsum dolores dolor nisi. Quia nobis sapiente ut ut et occaecati.',
        'enim', 5793165, NULL, '1970-11-16 05:00:57', '1974-06-05 13:27:41'),
       (29, 8, 42,
        'Possimus quos eos nulla facilis laudantium illo. Illo quia beatae aut nobis voluptas vero animi. Est sunt laboriosam iste deserunt minus qui quidem. Possimus ex non est est deserunt voluptates.',
        'et', 0, NULL, '2005-05-30 13:03:09', '2017-08-24 15:19:33'),
       (30, 4, 59,
        'Illo eum porro ipsum non alias. Soluta quam ea sit magni nostrum. Fuga deleniti ut suscipit quibusdam qui dolores possimus. Omnis aut qui officiis.',
        'atque', 8191080, NULL, '2001-03-06 01:01:02', '2014-05-11 04:56:38'),
       (31, 7, 37,
        'Consequatur sed error quis dolores nostrum cum. Ab omnis odit ad aut dolores omnis facilis. Quia qui ut consequuntur explicabo blanditiis non nulla.',
        'iusto', 4, NULL, '1982-08-15 12:43:26', '1990-11-08 01:10:28'),
       (32, 2, 62,
        'Ut recusandae sit veniam aut accusantium. Suscipit explicabo minus omnis est. Quia voluptatibus accusamus qui repellendus reprehenderit atque. Et deleniti cumque aspernatur nulla et.',
        'eum', 848732, NULL, '2005-03-12 07:46:11', '2015-09-08 05:33:12'),
       (33, 4, 29,
        'Ut modi ipsum nisi optio qui. Voluptate itaque ullam et laboriosam. Quam totam beatae possimus dolor est doloribus qui incidunt.',
        'consequatur', 163149157, NULL, '1971-09-29 09:30:12', '2006-05-24 19:00:45'),
       (34, 4, 18, 'Voluptatem tempora natus doloribus. Dolore laborum ipsum consequatur eos incidunt odit at.',
        'facilis', 3, NULL, '1984-01-28 08:31:32', '2002-09-04 02:15:36'),
       (35, 1, 13,
        'Qui sed expedita nobis rerum. At fugit id dolorem dolorum rerum perferendis. Non est eius perferendis dolorum quia quis. Omnis cupiditate aut laborum reiciendis consequatur.',
        'placeat', 9, NULL, '2010-01-03 15:16:58', '2015-09-25 20:04:29'),
       (36, 7, 89,
        'Dolore aperiam et ipsum. Aliquid quibusdam cum et rerum in et et. Fugit sit quod voluptates autem consequatur totam. Voluptatem dicta cupiditate officiis velit minus ut assumenda.',
        'qui', 0, NULL, '1988-07-25 20:07:16', '2005-01-13 06:01:35'),
       (37, 8, 66,
        'Explicabo nostrum blanditiis fugit non non ab molestiae. Similique quis et rerum sit cum. Et quod culpa natus rem. Delectus exercitationem soluta eligendi aut consequatur sint. Maxime excepturi harum earum iure.',
        'deleniti', 698, NULL, '2018-02-28 14:13:11', '1989-04-18 21:12:28'),
       (38, 1, 3,
        'Cumque dolore vero expedita provident. Quidem quibusdam aperiam ut sed unde explicabo. Aliquam exercitationem vero hic nesciunt accusantium.',
        'illum', 979, NULL, '1981-07-12 03:38:24', '2013-12-23 04:25:07'),
       (39, 8, 18, 'Debitis saepe aperiam quidem. Nulla eius eaque eum harum quam. Quod nihil nemo nihil fugit.',
        'amet', 415925, NULL, '1983-09-29 05:56:38', '1977-03-11 02:43:08'),
       (40, 5, 37,
        'Hic exercitationem qui voluptatibus consequatur maxime velit et. Molestiae labore officia reiciendis architecto quaerat.',
        'amet', 456276, NULL, '1986-04-03 12:36:33', '2012-03-24 15:51:53'),
       (41, 7, 12,
        'Corrupti dolor veniam nam perspiciatis molestiae a et. Autem minus ea nihil vel assumenda aut. Quae molestias harum excepturi nisi. Magnam qui fuga aliquam odio ea sint quod dolores. Repellendus aliquid consectetur culpa accusamus alias.',
        'et', 7611566, NULL, '1995-07-23 13:58:47', '1978-12-28 05:57:16'),
       (42, 10, 93,
        'Non quae quia rerum minus quibusdam reprehenderit enim id. Nihil numquam qui temporibus. Aliquid voluptate dignissimos porro quo dignissimos inventore.',
        'non', 3375646, NULL, '1994-10-19 07:10:38', '1977-08-01 13:43:54'),
       (43, 8, 71,
        'Velit perferendis animi tenetur ut ratione ratione. Labore ea doloremque qui qui inventore ad et. Doloremque quidem cupiditate sequi exercitationem.',
        'dolorum', 49710, NULL, '1984-01-19 16:34:51', '2002-11-24 05:58:54'),
       (44, 4, 41,
        'Libero in reiciendis qui vel. Doloremque ut neque deleniti et minima sunt. Fugit doloremque ullam ab numquam distinctio facere. Omnis iste sed vitae fuga ut voluptatem.',
        'nemo', 110318316, NULL, '1981-10-11 08:37:44', '2009-09-26 13:36:32'),
       (45, 2, 66,
        'Ut non et impedit tenetur voluptatem veritatis ipsa laborum. Occaecati est deserunt dolor neque accusamus ipsa. Sequi aut dolor soluta vero nihil nihil.',
        'voluptatem', 39, NULL, '1986-10-07 19:14:04', '2011-06-02 06:37:34'),
       (46, 10, 81, 'Quo in aut quasi repellat quas. Et recusandae et et eius autem.', 'rerum', 85533795, NULL,
        '2016-09-30 14:05:53', '2017-01-28 14:43:07'),
       (47, 1, 16,
        'Expedita qui labore consequatur autem. Voluptas et ipsam eveniet qui pariatur. Aut autem sed veritatis soluta repellendus sed sequi. Quia vitae laborum voluptas quo expedita est ut.',
        'molestias', 728831, NULL, '1985-07-06 17:33:31', '2003-10-24 22:10:14'),
       (48, 5, 33,
        'Magni quasi adipisci voluptatem. Consequuntur aut et quaerat ut. Cum doloremque consequatur corrupti corrupti aut et qui. Est rerum dolore ipsum dicta officia.',
        'quo', 15, NULL, '1987-10-20 13:11:21', '1995-11-18 22:21:31'),
       (49, 5, 73,
        'Maiores voluptas molestias temporibus unde amet iure illo. Qui officiis deleniti similique quam perferendis error rerum. Veniam delectus ea laborum ipsum corporis qui. Et molestiae dolores rerum laborum quis.',
        'dignissimos', 24099301, NULL, '2005-06-28 21:16:28', '2003-08-03 19:13:00'),
       (50, 6, 53,
        'Esse maiores voluptatibus et velit iusto. Voluptatum non est delectus. Dignissimos et et autem consequuntur. Itaque quae molestiae explicabo sit. Debitis laboriosam magnam repudiandae eum quis eum.',
        'deleniti', 748533519, NULL, '1976-07-23 01:23:04', '2015-07-29 18:36:50'),
       (51, 9, 14,
        'Officiis reiciendis reiciendis et et sunt. Corporis id voluptatem quia iusto unde iste voluptas. Minima est quisquam sit labore quae provident vitae. Debitis officiis fugiat voluptatem sequi nam laboriosam.',
        'natus', 565, NULL, '2015-04-30 00:44:59', '2001-12-31 02:40:11'),
       (52, 5, 58,
        'Molestiae iusto excepturi non delectus officiis. Explicabo quis id qui sequi ea asperiores ratione. Ex sequi reprehenderit cupiditate velit hic.',
        'enim', 0, NULL, '1990-09-01 06:16:27', '2004-04-06 14:44:32'),
       (53, 8, 45,
        'Quod debitis commodi aut et. Consequatur molestiae dicta quo dolor asperiores. Est doloremque maxime voluptas facere ut. Eligendi aut deserunt autem assumenda.',
        'quia', 0, NULL, '1984-12-31 23:35:42', '1973-08-24 22:55:59'),
       (54, 6, 51,
        'Vitae corrupti est quos ea. Consectetur sint asperiores et ratione soluta autem. Mollitia quia quasi ratione consequatur maiores vitae. Ullam occaecati adipisci ut aut.',
        'explicabo', 3121012, NULL, '1978-10-24 00:22:01', '1977-07-20 06:43:48'),
       (55, 7, 5, 'Laborum reprehenderit doloribus beatae. Commodi non explicabo ut error. Veniam rem sequi dolorum.',
        'fugiat', 1309, NULL, '1973-02-09 08:17:33', '2018-07-30 05:43:20'),
       (56, 9, 31,
        'Tenetur minima voluptatem deserunt pariatur quo nisi recusandae. A beatae id fugit. Atque omnis molestiae molestiae in. Quisquam rerum iure maiores incidunt et. Quia animi culpa sint est id dolorem.',
        'culpa', 0, NULL, '2011-06-01 06:14:22', '2017-09-05 14:20:25'),
       (57, 2, 81,
        'Et voluptatem aut vel sed. Iste voluptatem explicabo et molestiae exercitationem dicta dolor ut. Qui ut omnis id voluptas. Iste et ea blanditiis ullam.',
        'dolores', 927, NULL, '1978-09-20 00:49:14', '2015-12-31 14:36:47'),
       (58, 3, 87, 'Fugit et sequi in illo nulla voluptate facilis. Sed impedit esse aut et eius.', 'dolorum', 5, NULL,
        '1983-03-06 11:50:58', '1981-05-30 03:49:36'),
       (59, 6, 55,
        'Rerum qui molestiae aut ipsum unde omnis quod. Ut animi perferendis explicabo nisi sit quam eaque nemo. Omnis exercitationem ad minus sed quis inventore rerum assumenda.',
        'reprehenderit', 260451, NULL, '2010-04-24 23:04:35', '1999-04-10 07:54:24'),
       (60, 3, 63,
        'Magni quia et voluptatum et autem. Perferendis voluptatem non aut ullam. Ducimus maxime incidunt exercitationem voluptas quia. Consequatur iusto et id sequi possimus.',
        'voluptates', 761, NULL, '2015-02-18 15:04:18', '1990-05-28 13:33:46'),
       (61, 3, 27,
        'Ex in perferendis deleniti delectus. Excepturi molestiae eum inventore doloremque totam dolore. Ut provident cupiditate deleniti rem eos et. Eum omnis qui impedit et quis fuga impedit fugit.',
        'necessitatibus', 982309911, NULL, '1983-01-27 04:13:21', '1985-01-16 20:46:35'),
       (62, 5, 22,
        'Similique molestiae dignissimos sit fugit incidunt praesentium illum. Expedita aspernatur delectus cum assumenda illo. Maiores et atque sit.',
        'neque', 7, NULL, '1997-12-19 14:21:51', '1974-01-23 02:42:37'),
       (63, 5, 86,
        'Tempore fugit facilis voluptatibus distinctio quas consequatur. Cum nam velit eaque sit pariatur eos molestiae.',
        'quas', 29024115, NULL, '2006-09-14 03:07:56', '2009-03-09 05:34:51'),
       (64, 6, 86,
        'Aut perferendis sed vero pariatur asperiores exercitationem. Neque repellat quam vel possimus dolorem magnam laudantium ducimus. Autem omnis autem ipsam impedit.',
        'velit', 4357, NULL, '1983-06-22 23:21:58', '2010-12-13 16:27:18'),
       (65, 6, 5,
        'Maxime a earum sequi accusamus quia. Dolorum dolore pariatur delectus voluptas perspiciatis. Sit voluptatem perspiciatis odio sint sit illo quod possimus. Et nisi quam ut consequatur consequatur rerum. Rerum accusantium atque commodi aut adipisci quod repellendus eaque.',
        'molestiae', 5659416, NULL, '1973-09-21 13:03:24', '2012-03-08 04:17:55'),
       (66, 4, 44,
        'Maiores adipisci ut architecto omnis rerum repudiandae impedit voluptatem. Quod voluptatem non exercitationem in et. Beatae sed in sit quia. Similique perferendis debitis minus quia.',
        'at', 343409040, NULL, '1999-06-19 22:26:16', '1977-10-11 18:54:58'),
       (67, 2, 79, 'Doloremque voluptas consequatur sed illo omnis occaecati in. Ut et consequuntur labore aliquam.',
        'ut', 25894, NULL, '1995-07-23 11:45:03', '2014-07-08 02:23:38'),
       (68, 1, 98,
        'Accusantium vero dignissimos libero est quod dicta. Consequatur rerum ut rem id omnis. Officiis tenetur accusantium consequatur eum recusandae. Accusamus vero dolorum ab repellendus magnam itaque.',
        'dicta', 0, NULL, '1994-03-06 17:04:47', '2002-11-14 08:47:47'),
       (69, 3, 61,
        'Itaque amet quis ducimus voluptas quod nisi. Eaque minima quo voluptas inventore. Et dolorem alias quo sunt. Id quas voluptatibus nemo ut est.',
        'aut', 92668, NULL, '1972-04-07 21:24:50', '1971-10-16 13:40:12'),
       (70, 5, 86,
        'Ratione est et fugit ut consequuntur laborum. Occaecati nemo sapiente ea occaecati accusamus culpa est. Voluptas eligendi quaerat omnis. Incidunt distinctio molestiae quidem.',
        'officia', 3, NULL, '1970-07-29 08:00:58', '1972-02-21 20:25:02'),
       (71, 7, 36,
        'Necessitatibus cum pariatur quae ea. Ratione magni officiis optio porro impedit ut. Aut ut ea voluptas sint sint. Provident molestiae et voluptates debitis minima facere rerum.',
        'vitae', 0, NULL, '2010-01-11 13:45:43', '1985-01-19 04:17:45'),
       (72, 2, 82,
        'Rerum architecto eum veniam maiores ut impedit. Quia vero et est deleniti non quam quaerat. Aut maiores iste illo voluptates.',
        'harum', 1811165, NULL, '1974-02-12 02:04:19', '2005-10-10 00:56:29'),
       (73, 2, 39,
        'Animi voluptatem nesciunt qui eveniet provident voluptatem. Explicabo occaecati ex asperiores quisquam id in deleniti. Earum ut cum doloribus tempora eum culpa. Et amet ut blanditiis commodi voluptatem.',
        'at', 18422, NULL, '1983-11-11 05:23:25', '1978-08-17 12:49:23'),
       (74, 7, 66,
        'Et nihil non reiciendis sint doloribus aut sunt. Libero ea velit voluptatem cumque ab aut. Esse delectus commodi velit doloremque nostrum est. Provident illo eum blanditiis et aut.',
        'hic', 934, NULL, '2009-09-21 00:08:47', '1970-01-11 22:10:36'),
       (75, 10, 96,
        'Nesciunt non assumenda culpa. Ut facere et voluptatum. Exercitationem occaecati dolor omnis doloremque vitae. Corporis eius harum eos possimus.',
        'optio', 38862134, NULL, '1989-05-13 09:30:55', '2018-07-04 19:53:57'),
       (76, 3, 14,
        'Porro labore est ut excepturi omnis hic. Aut harum est labore velit asperiores quod. Ad rerum enim dolorum. Quo beatae aut commodi repellendus consequatur.',
        'neque', 27, NULL, '1972-05-31 09:16:51', '1996-01-25 21:17:10'),
       (77, 3, 72,
        'Dolorem natus sunt possimus. Vel excepturi quia nam consequatur et. Aut sapiente fugit consequatur fugit magni cumque.',
        'ducimus', 82032, NULL, '2006-04-06 13:39:58', '2005-08-06 07:46:02'),
       (78, 4, 65,
        'Exercitationem eveniet deleniti inventore consequuntur ea. Eveniet aut fuga earum perspiciatis autem et. Quod quasi beatae et consequatur. Quo impedit ex quo asperiores ratione earum.',
        'fugiat', 0, NULL, '1992-11-06 02:47:13', '1975-01-31 06:08:40'),
       (79, 6, 90,
        'Minus et accusantium quibusdam dolorem quis facilis omnis earum. Ducimus qui rem enim voluptas soluta fuga. Molestias nisi sunt autem ipsum. Repudiandae sapiente repudiandae ab dolorum non qui aut.',
        'consequuntur', 11, NULL, '2010-04-15 11:40:31', '2017-12-24 11:30:19'),
       (80, 6, 16,
        'Eum alias repudiandae asperiores veniam eos vitae. Ea numquam non dicta officia sit. Qui delectus et ipsam voluptate sit quae. Praesentium voluptates in ad nam dolorem quia.',
        'molestiae', 92912430, NULL, '2003-11-21 01:22:59', '1985-08-09 04:25:13'),
       (81, 10, 89,
        'Eum impedit sed error qui. Cum assumenda ut dolorem sit est eius. Harum temporibus voluptas quia ab architecto.',
        'ratione', 6327967, NULL, '1984-09-10 04:50:12', '2004-05-17 16:56:55'),
       (82, 6, 13, 'Assumenda et voluptas eum inventore. Qui qui quos illum officia quo molestiae.', 'doloribus',
        723953, NULL, '1995-02-08 17:52:51', '2019-08-01 06:57:22'),
       (83, 7, 60,
        'Ipsum aperiam repellat itaque. Laudantium deleniti libero ratione voluptatem. Ullam consectetur consequatur tempore mollitia ex ut reiciendis.',
        'qui', 910873555, NULL, '1992-05-06 08:48:18', '2009-01-13 20:48:59'),
       (84, 2, 91, 'Ad qui sed similique fugit alias sed sequi aut. Sit omnis aut iste veniam.', 'esse', 977, NULL,
        '2007-05-22 07:39:50', '2000-05-12 00:05:52'),
       (85, 2, 59,
        'Qui eos cumque cumque sed. Corrupti autem quos dolore commodi iste sed est. Sequi labore ut et. Atque explicabo veritatis quam ab et dolorem dignissimos.',
        'alias', 71207, NULL, '1995-10-24 16:22:17', '2000-03-10 18:59:08'),
       (86, 8, 85,
        'Voluptatem quos animi libero quaerat quia autem voluptatem. Vitae minus ipsam eius ipsa et. Earum ut consectetur et dolorum assumenda. Sed delectus debitis aspernatur perferendis earum.',
        'laudantium', 5005, NULL, '2005-10-13 02:31:06', '1982-08-16 07:31:59'),
       (87, 10, 92,
        'Commodi aut dolorum dolores. Laborum sit sunt vel autem voluptatum quidem. Qui et laborum est incidunt. Qui error dignissimos corrupti rerum minus molestiae magni cupiditate.',
        'eum', 50328, NULL, '1995-10-25 20:20:10', '2004-03-01 22:09:23'),
       (88, 7, 9,
        'Eum voluptatem aut dolores quas tenetur accusamus. Voluptatem nesciunt iusto aut voluptatibus eum numquam. Esse optio vero tempora in aut iure. Itaque earum fugit ab voluptas dolorem.',
        'nihil', 65133085, NULL, '1988-09-30 22:52:09', '1981-06-14 03:36:25'),
       (89, 4, 35,
        'Voluptatibus repellat eligendi in non necessitatibus et voluptas. Autem corporis ex et dolore. A aliquid magnam quia suscipit.',
        'aut', 296959, NULL, '2015-11-18 12:54:32', '1984-10-26 16:17:16'),
       (90, 8, 24,
        'Dignissimos quod perspiciatis molestias et consequatur. Ad quam in magni totam ut quod et. Ad rerum voluptatem ea ut explicabo.',
        'id', 45180, NULL, '1995-09-21 13:19:23', '1993-11-29 23:05:33'),
       (91, 4, 4, 'At rem ex aperiam similique dolor accusantium. Eligendi dolore neque aut deleniti.', 'eaque', 0,
        NULL, '1984-08-30 02:46:13', '1992-02-24 12:22:20'),
       (92, 4, 53,
        'Excepturi fuga praesentium ea vero. Tempora quia expedita itaque cumque numquam ut dolorum. Repudiandae qui nulla est eos illo in blanditiis.',
        'fugit', 80805669, NULL, '1985-09-06 04:48:36', '2005-08-03 18:05:00'),
       (93, 8, 73,
        'Dolores aut nihil provident aut omnis et cum. Ipsum ipsa molestias natus perspiciatis rem quia porro velit. Corporis odit et similique et eius. Explicabo quas repellendus dolores fugiat iure sequi pariatur. Maiores exercitationem voluptatibus et at eveniet ad recusandae.',
        'omnis', 90037187, NULL, '2017-01-01 23:12:03', '1991-12-12 08:39:07'),
       (94, 2, 32,
        'Nobis illum neque qui. Eos voluptatibus eius aut repellendus debitis. Et nisi mollitia ipsam nihil veniam. Sit nisi quia voluptatem corporis.',
        'consectetur', 27685889, NULL, '2005-12-15 17:26:10', '2009-01-21 16:59:59'),
       (95, 7, 69,
        'Quisquam quia inventore qui doloremque qui eum ipsum. Exercitationem qui aut et molestias. Et ut deserunt aspernatur porro.',
        'qui', 0, NULL, '2014-01-15 13:07:40', '2015-05-14 05:14:38'),
       (96, 5, 57,
        'Ab id natus voluptatum et. Dolorem cupiditate quia ad est. Dolor aperiam nemo voluptatibus modi non maiores natus.',
        'illo', 71441, NULL, '2004-09-28 11:04:29', '1977-12-16 08:22:18'),
       (97, 6, 6,
        'Qui quia et impedit. Et totam quia qui ipsa qui tempora cum rerum. Laboriosam voluptate rerum doloribus quis culpa molestiae odio ut.',
        'iste', 78999933, NULL, '1979-01-23 19:33:48', '1976-02-20 18:59:17'),
       (98, 7, 25,
        'Nobis eligendi commodi qui iure quia porro. Et velit ut ut aut. Qui tempora ea ut dolorum est consequatur ipsum. Beatae dolores enim eum omnis nihil laboriosam delectus excepturi. In rem est non laboriosam laborum totam exercitationem.',
        'repellat', 19160, NULL, '2003-03-03 14:27:06', '2012-06-20 04:28:57'),
       (99, 7, 80,
        'Eos adipisci consequatur sint perferendis magnam qui. Doloribus qui cum quia laboriosam porro. Voluptas omnis ipsum nemo eos consequuntur et. Magni et voluptas quo non.',
        'nesciunt', 0, NULL, '1998-08-09 13:25:37', '1976-08-06 19:07:30'),
       (100, 2, 85,
        'Rem rerum iure dicta incidunt deserunt nam quis. Distinctio deleniti quo tenetur. Qui alias est earum dolorum.',
        'et', 971431, NULL, '2018-11-22 14:50:43', '2019-06-29 18:27:58');
/*!40000 ALTER TABLE `media`
    ENABLE KEYS */;
UNLOCK TABLES;

--
-- Table structure for table `media_types`
--

DROP TABLE IF EXISTS `media_types`;
/*!40101 SET @saved_cs_client = @@character_set_client */;
/*!40101 SET character_set_client = utf8 */;
CREATE TABLE `media_types`
(
    `id`         bigint(20) unsigned NOT NULL AUTO_INCREMENT,
    `name`       varchar(255) COLLATE utf8_unicode_ci DEFAULT NULL,
    `created_at` datetime                             DEFAULT CURRENT_TIMESTAMP,
    `updated_at` datetime                             DEFAULT CURRENT_TIMESTAMP ON UPDATE CURRENT_TIMESTAMP,
    PRIMARY KEY (`id`)
) ENGINE = InnoDB
  AUTO_INCREMENT = 11
  DEFAULT CHARSET = utf8
  COLLATE = utf8_unicode_ci;
/*!40101 SET character_set_client = @saved_cs_client */;

--
-- Dumping data for table `media_types`
--

LOCK TABLES `media_types` WRITE;
/*!40000 ALTER TABLE `media_types`
    DISABLE KEYS */;
INSERT INTO `media_types`
VALUES (1, 'dolores', '1992-08-22 11:10:27', '1980-07-29 08:22:35'),
       (2, 'ut', '1976-05-26 03:33:03', '1990-12-28 00:15:14'),
       (3, 'accusamus', '1995-12-11 15:33:33', '1987-03-03 19:34:12'),
       (4, 'non', '1974-10-11 06:00:26', '2010-03-01 15:57:37'),
       (5, 'odio', '1997-10-25 03:22:07', '1971-08-21 04:28:18'),
       (6, 'ea', '1974-05-10 11:59:26', '2010-06-14 16:11:59'),
       (7, 'aut', '1981-06-29 13:24:40', '2002-03-20 23:00:42'),
       (8, 'ipsam', '1976-04-22 14:08:02', '1983-08-18 05:25:39'),
       (9, 'quia', '1994-01-29 15:30:53', '1977-09-27 17:39:17'),
       (10, 'voluptatem', '2002-12-03 00:14:21', '1999-05-05 01:03:24');
/*!40000 ALTER TABLE `media_types`
    ENABLE KEYS */;
UNLOCK TABLES;

--
-- Table structure for table `messages`
--

DROP TABLE IF EXISTS `messages`;
/*!40101 SET @saved_cs_client = @@character_set_client */;
/*!40101 SET character_set_client = utf8 */;
CREATE TABLE `messages`
(
    `id`           bigint(20) unsigned NOT NULL AUTO_INCREMENT,
    `from_user_id` bigint(20) unsigned NOT NULL,
    `to_user_id`   bigint(20) unsigned NOT NULL,
    `body`         text COLLATE utf8_unicode_ci,
    `created_at`   datetime DEFAULT CURRENT_TIMESTAMP,
    PRIMARY KEY (`id`),
    KEY `messages_from_user_id` (`from_user_id`),
    KEY `messages_to_user_id` (`to_user_id`),
    CONSTRAINT `messages_ibfk_1` FOREIGN KEY (`from_user_id`) REFERENCES `users` (`id`),
    CONSTRAINT `messages_ibfk_2` FOREIGN KEY (`to_user_id`) REFERENCES `users` (`id`)
) ENGINE = InnoDB
  AUTO_INCREMENT = 101
  DEFAULT CHARSET = utf8
  COLLATE = utf8_unicode_ci;
/*!40101 SET character_set_client = @saved_cs_client */;

--
-- Dumping data for table `messages`
--

LOCK TABLES `messages` WRITE;
/*!40000 ALTER TABLE `messages`
    DISABLE KEYS */;
INSERT INTO `messages`
VALUES (1, 90, 97,
        'Necessitatibus et natus nesciunt non sequi animi sapiente sit. Inventore soluta et qui voluptate sunt. Numquam et labore ratione deserunt. Id quis tempora quia voluptatum et consequatur.',
        '1989-01-01 22:42:11'),
       (2, 43, 2,
        'In explicabo accusantium incidunt ea explicabo in omnis voluptas. Cum occaecati cumque omnis officia et voluptas ea eveniet. Dolor voluptatibus quo est officiis nulla. Quisquam est magnam impedit eveniet. Ut non perferendis tempora eligendi nulla facere.',
        '1982-02-05 21:54:07'),
       (3, 71, 99,
        'Esse eos illum in illum minus deserunt quo et. Vitae aperiam quo facere amet consectetur at ipsum. Minima voluptas quia voluptate.',
        '1981-10-31 20:47:05'),
       (4, 82, 97,
        'Vero veniam illo inventore omnis. Ullam molestiae non rerum et deserunt. Dolore nulla molestias et ipsum.',
        '1998-08-24 19:00:52'),
       (5, 14, 13,
        'Voluptatem repudiandae sunt saepe ea commodi non nam. Dolorum numquam ut suscipit omnis in perspiciatis autem facilis. Eligendi numquam numquam suscipit quia aut libero. Culpa facilis fugit sapiente.',
        '1974-07-05 11:51:34'),
       (6, 28, 20, 'Error voluptatem facere sit rerum corrupti. Aut dolores sequi dolor voluptas dolor eligendi.',
        '1990-01-26 11:45:19'),
       (7, 99, 94, 'Ut rerum soluta cum. Blanditiis quo omnis neque suscipit amet. Sit vitae ut voluptatum vel.',
        '1981-06-24 00:33:33'),
       (8, 98, 20,
        'Recusandae recusandae minima totam vitae recusandae consequuntur autem quaerat. Harum maxime sit quibusdam assumenda suscipit ex qui nobis. Nostrum illum autem officia debitis optio suscipit exercitationem. Reiciendis occaecati est et nesciunt nobis sed fuga.',
        '1981-03-10 04:35:13'),
       (9, 71, 56,
        'Voluptates magnam quod aut natus consequuntur. Iste aperiam iste et quaerat in rerum. Voluptate nostrum aut debitis quis ullam. Ex debitis quis suscipit reiciendis consequuntur cum.',
        '1993-12-25 17:39:43'),
       (10, 66, 48, 'Fugiat qui ipsa tempore itaque. Dolorum beatae facilis quod dolore enim sint.',
        '1970-04-05 12:21:17'),
       (11, 81, 51,
        'Alias nulla tempore sit. Sapiente et aliquid cumque rem qui numquam. Natus doloribus eos dolor. Libero dolorem ea nam a commodi.',
        '1970-09-06 20:47:04'),
       (12, 35, 20,
        'Sed quis voluptates ut nobis magnam voluptas. Omnis blanditiis nulla hic in omnis velit est. Dicta qui a et itaque eligendi. Dolore dolores officia ut quisquam nesciunt.',
        '1977-12-10 12:03:02'),
       (13, 21, 16,
        'Impedit ut aut dicta nobis asperiores dolor id ab. Eveniet rerum illo accusantium dignissimos iste. Repudiandae quod dolorem est aut quibusdam accusamus.',
        '1981-03-22 14:38:10'),
       (14, 85, 70,
        'Praesentium temporibus eaque accusantium excepturi. Numquam tempore explicabo possimus voluptas suscipit doloribus. Est doloribus explicabo mollitia quia minima laborum consequatur. Reiciendis eum et cum voluptatem dolor.',
        '2006-05-31 19:07:34'),
       (15, 58, 53,
        'Rem et maxime est qui eligendi sunt repudiandae. Necessitatibus et earum aut consequuntur occaecati. Vero sit inventore officia qui. Sequi blanditiis eum qui harum.',
        '1991-09-13 16:37:59'),
       (16, 51, 47,
        'Totam vel est totam. Occaecati voluptas numquam a facilis sit sit. Eligendi voluptatem vel nobis ut vel.',
        '2014-05-31 19:28:18'),
       (17, 50, 93,
        'Natus sed expedita sequi eos earum. Soluta voluptatem odio soluta eos non qui. Omnis cupiditate itaque sint molestiae eaque. Enim quibusdam et labore fugit id in. Quisquam et maiores iusto eligendi omnis reprehenderit.',
        '2000-05-02 16:22:08'),
       (18, 18, 20,
        'Laborum expedita enim enim omnis soluta veritatis. Vero harum iste blanditiis a quidem veritatis saepe. Nisi quia natus dolorum dolores nesciunt velit sunt eius. Consequatur accusantium sed atque sint laboriosam reiciendis sit.',
        '1972-07-28 20:56:43'),
       (19, 49, 20,
        'Tempore odit id ea dolores facere. Vel ea fugit et molestiae. Velit distinctio et sunt molestias repudiandae qui minus. Voluptatum temporibus ipsum sit maxime.',
        '2008-06-10 07:25:26'),
       (20, 17, 5,
        'Ratione quos ab quia doloribus maiores. Quis tenetur corporis quis placeat omnis est quo. Commodi eveniet dolores quia quam.',
        '1984-02-12 06:17:48'),
       (21, 43, 49,
        'Similique ipsa sunt aperiam neque reprehenderit qui odit quia. Odit dignissimos ut excepturi. Tempora est ut labore voluptatem alias.',
        '2015-05-31 12:13:30'),
       (22, 35, 41,
        'Aut quibusdam consequatur officiis rerum sint minima. Voluptatibus voluptatum dolorem reiciendis modi repudiandae aperiam.',
        '2006-08-16 09:17:59'),
       (23, 49, 20, 'Quasi vitae et non dolor ea qui. Animi nesciunt eius ea in quis aut mollitia.',
        '1994-11-03 09:11:59'),
       (24, 79, 14,
        'Est eos fugiat sed rerum natus aut. Vero itaque aut et et itaque quia. Quos quia repellendus est sunt. Fugiat culpa enim laborum.',
        '1993-07-27 01:35:44'),
       (25, 87, 45,
        'Accusamus quod consequatur quas. Sint possimus tenetur ad voluptatibus nam unde. Qui ut reiciendis ut qui maxime nisi. Voluptas reiciendis non molestiae consectetur voluptatem autem voluptas amet.',
        '1995-12-01 11:30:13'),
       (26, 61, 67,
        'Temporibus debitis cumque placeat quis perspiciatis ut eveniet. Quo nam ut est aliquid mollitia. In neque autem tenetur repellat in quo eaque.',
        '1981-02-20 23:59:28'),
       (27, 95, 95,
        'Et aut ducimus quasi earum enim et. Dolore perspiciatis placeat facilis numquam delectus aut veritatis. Voluptate sed libero et voluptatibus porro et ipsam. Velit tempora et eos eos qui.',
        '2008-04-11 05:38:34'),
       (28, 2, 20,
        'Perspiciatis necessitatibus in quisquam asperiores occaecati aut. Rerum ea dolorum suscipit suscipit omnis. Placeat aperiam recusandae deleniti ratione in.',
        '2012-12-28 18:38:05'),
       (29, 10, 85,
        'Blanditiis et architecto ab eum. Eligendi dolor autem sit quibusdam rerum consequuntur cupiditate. Deserunt facilis explicabo quasi. Non vitae a voluptatum maxime eaque dolores exercitationem quia.',
        '1997-05-31 10:05:56'),
       (30, 86, 68,
        'Distinctio consequatur incidunt voluptas dicta. Suscipit a rerum sapiente quasi. Veniam sed fugiat delectus voluptatum velit nesciunt.',
        '1990-05-11 16:10:52'),
       (31, 38, 20,
        'Sed sed ut et vitae. Totam quam perferendis ab laudantium laboriosam illo. Tenetur non quia quasi qui. Ea totam aliquid est quo ratione ex. Non quod autem quo est repudiandae dicta nam.',
        '1992-05-17 02:18:45'),
       (32, 15, 87,
        'Velit quaerat dolore praesentium omnis et. Voluptatem exercitationem quam dolorem praesentium sed dolore aspernatur. Quia vitae commodi sed cumque in provident et.',
        '1970-05-01 04:16:20'),
       (33, 28, 63,
        'Occaecati ducimus eius cumque quam ipsa quis. Ut beatae dolor deserunt iusto iure unde placeat. Culpa impedit sed nemo nulla eos aperiam.',
        '1999-03-25 07:30:04'),
       (34, 10, 20,
        'Quia inventore est sit labore incidunt. Autem quia qui sunt facilis ut. Odit est ab quia impedit quia. Illum doloremque in similique aut nulla amet enim. Quisquam et officia beatae sed sit debitis illo.',
        '1981-04-29 20:32:06'),
       (35, 25, 20,
        'Cum voluptas aspernatur ipsum in suscipit ea. Consectetur ipsum vel ad est et adipisci. Dolore in ea ab sit in. Dolor aut sint voluptate repudiandae dolorem illo.',
        '1975-08-24 03:46:21'),
       (36, 23, 20,
        'Eveniet consequatur in fugit aut nobis maiores soluta corporis. Et est aut sit rem sunt. Sit corporis est omnis.',
        '1974-02-03 14:56:00'),
       (37, 73, 57,
        'Et doloribus velit nisi amet velit consequatur. Tempora voluptatibus sit unde ipsum iste. Maiores assumenda quasi architecto dignissimos voluptates vitae dicta. Et sunt et in suscipit vel aut.',
        '1981-12-26 23:43:10'),
       (38, 2, 20,
        'Odio consectetur quis cupiditate itaque optio. Accusamus quis rerum rerum voluptatum aut. Corporis voluptatibus dolores nobis atque omnis et consectetur sit.',
        '2006-04-11 20:54:19'),
       (39, 89, 55,
        'Cupiditate aut exercitationem unde rem voluptates. Iste dignissimos at quisquam quasi culpa assumenda. Nemo alias amet laborum dolores. Et placeat inventore id. Quia ipsam harum est sed sapiente.',
        '1986-11-19 01:14:42'),
       (40, 30, 75,
        'Eum et quo temporibus accusamus sint quidem sunt qui. Et placeat itaque explicabo animi. Consectetur qui autem quos quae iste. Nemo nulla reiciendis laudantium perferendis vero sit quisquam et.',
        '1977-10-18 16:17:14'),
       (41, 99, 91,
        'Rerum magni vero numquam aut ut sit aperiam. Blanditiis adipisci saepe accusamus magni sed. Qui rerum modi iste et enim delectus laudantium. Impedit rerum corrupti reiciendis sint consequatur.',
        '2009-09-28 07:54:32'),
       (42, 41, 94,
        'Sed ipsa sint rerum voluptas. Inventore et qui numquam beatae dolorum praesentium. Inventore quaerat id perspiciatis natus.',
        '1996-08-27 21:42:48'),
       (43, 85, 42,
        'Saepe minima provident consectetur id. Animi quos et et provident. Repudiandae eos inventore illum praesentium non voluptatum. Corrupti aut ut modi non.',
        '1985-06-29 13:21:52'),
       (44, 9, 95,
        'At mollitia qui dignissimos tempore ut eos omnis ut. Corporis at debitis porro eum sapiente reiciendis. Iure autem libero quaerat neque illo dolorem quod.',
        '2008-12-17 08:35:24'),
       (45, 27, 94, 'Dolorum maiores ut iste eligendi ipsa. Odio quis enim voluptas nam excepturi.',
        '1972-08-03 18:39:42'),
       (46, 63, 64,
        'Numquam perspiciatis qui dicta. Aut harum iusto nostrum eum doloremque. Dolore maxime necessitatibus iure doloribus illo.',
        '2013-03-05 22:36:30'),
       (47, 29, 77,
        'Dicta harum corrupti omnis nisi velit sunt. Consequatur in eum veniam voluptates vel nobis magnam. Quaerat dolore quisquam corrupti. Et mollitia est voluptas quis reiciendis enim.',
        '1975-12-27 18:26:43'),
       (48, 51, 57,
        'Placeat totam omnis minima hic qui nemo animi. Aut quo ut ratione. Praesentium repudiandae esse qui voluptas aut. Atque est laborum rerum possimus.',
        '2000-02-12 06:19:40'),
       (49, 40, 58,
        'Quia distinctio consequatur consectetur omnis. Amet sunt eum distinctio voluptas dolores libero. Eveniet est molestiae repudiandae est.',
        '1984-03-22 21:36:06'),
       (50, 49, 20,
        'Accusantium consequatur praesentium ut porro aut. Est quia et porro asperiores impedit. Quidem fugit provident nam quidem incidunt laboriosam fugit. Voluptas ipsum quas nemo enim et.',
        '1988-06-14 19:53:53'),
       (51, 82, 98,
        'Possimus voluptatem quaerat eligendi ea aut eos. Et aut nihil ut ipsam. Atque sed enim voluptatem iusto voluptas distinctio delectus et. Error non unde in blanditiis corrupti et voluptatem.',
        '1994-05-17 14:57:27'),
       (52, 67, 55, 'Excepturi odio consequuntur atque. Ea similique dolorem ut esse.', '1998-01-16 12:38:29'),
       (53, 54, 43,
        'Assumenda ratione nam est cum ea. Ut ea dolore dolores nemo officia voluptas. Cumque autem placeat eligendi labore. Quo facere iste qui voluptas non.',
        '1974-11-30 15:51:28'),
       (54, 71, 42,
        'At esse eius eos commodi. Natus fugiat sed maiores eos doloribus. Laudantium excepturi eligendi necessitatibus eaque. Amet enim voluptatem exercitationem eveniet.',
        '1974-06-07 06:06:36'),
       (55, 97, 100,
        'Sapiente modi sunt ea aut. Et debitis nostrum qui modi porro vitae itaque odio. Sunt ipsum vero nam a vel odit.',
        '2000-10-26 17:29:22'),
       (56, 17, 95,
        'Quo odio ipsum facere architecto voluptate. Ut quo maxime omnis ab accusamus aliquid nisi. Sit neque voluptatibus quidem et nulla.',
        '1983-06-30 17:18:47'),
       (57, 90, 58,
        'Veritatis sed voluptatem quaerat suscipit. Ut voluptates libero facere. Dolores recusandae voluptates rerum voluptatibus non est consectetur. Voluptatibus minus voluptatibus eum qui.',
        '2001-09-04 02:52:05'),
       (58, 89, 75,
        'Quisquam id dolores qui quo quia. Provident iusto pariatur quibusdam. Illum et quia esse sapiente maxime ea. Ducimus odio voluptatem esse porro quam molestias numquam.',
        '2007-12-18 15:04:29'),
       (59, 100, 97,
        'Velit numquam et assumenda excepturi culpa in. Doloremque doloremque sunt repudiandae labore corporis. Provident dicta aut accusantium ea veritatis doloremque.',
        '1976-07-19 15:18:21'),
       (60, 28, 20, 'Labore sed consequatur qui voluptas facere odio unde. Quam vitae ullam qui quaerat velit.',
        '1977-01-07 18:23:01'),
       (61, 33, 20,
        'Aliquid laboriosam ipsa dicta ab nesciunt id et. Labore voluptas omnis doloremque. Aut dolor dolor voluptatum porro commodi beatae.',
        '2005-02-27 15:37:13'),
       (62, 18, 20,
        'Sit laborum vero et vel laborum. Quia aut illo quod minus atque. Dolor omnis et facilis ea hic. Rerum et maxime magni molestiae tempore.',
        '1999-01-08 00:33:40'),
       (63, 9, 20,
        'Ut unde velit pariatur aut aliquam. Ut aut in exercitationem minus recusandae. Laudantium voluptas autem qui ea incidunt aliquam.',
        '1986-03-07 21:42:05'),
       (64, 75, 48,
        'Vel voluptates qui sed aspernatur magnam optio odio assumenda. Velit quo quo nam et ab iusto expedita. Impedit qui velit molestiae nisi. Earum doloremque fuga sit dolor incidunt qui.',
        '2004-11-28 01:21:51'),
       (65, 98, 50,
        'Dolore velit veniam laborum quaerat magni. Corporis alias facere deleniti ut. Eius corrupti a ut tenetur. Ut odit aliquam ratione natus.',
        '2010-01-22 00:34:15'),
       (66, 79, 79,
        'Quisquam vitae molestiae est nisi rerum. Dolores minus id dolor facilis culpa. Esse ut sed possimus neque tenetur delectus molestiae. Incidunt aut atque qui.',
        '1988-12-26 23:32:44'),
       (67, 47, 46,
        'Doloribus minima excepturi atque aut voluptates asperiores. Distinctio accusamus sed et deleniti voluptas.',
        '1985-11-03 19:40:04'),
       (68, 34, 1,
        'Sit dolorem officia quaerat eum qui enim. Quibusdam cum aut assumenda placeat placeat aliquid quam. Exercitationem occaecati repudiandae enim sunt. Perspiciatis dolore perspiciatis molestiae ea.',
        '2003-07-01 11:25:32'),
       (69, 88, 4,
        'Porro similique dolorem tenetur architecto nihil omnis nihil. Sequi unde tenetur quia qui. Eum ullam labore ullam aut consequatur et omnis. Sed ad corrupti tempora recusandae. Deleniti voluptatem qui magnam iusto molestiae rerum nostrum.',
        '1984-08-18 06:49:47'),
       (70, 43, 84,
        'Ea non quo id consequuntur aspernatur omnis quasi. Eligendi et voluptate error qui vel. Non itaque et aut ut.',
        '1976-09-01 11:52:44'),
       (71, 3, 59,
        'Voluptas consequatur aut aspernatur dolorem. Iure alias qui maxime nesciunt tempora. Debitis enim mollitia optio error qui architecto autem. Enim aut praesentium aut autem ea non consequuntur.',
        '2010-11-25 09:06:21'),
       (72, 79, 93, 'Dignissimos et enim mollitia nulla. Sunt deserunt ea maiores eum aliquam.', '1985-06-15 10:04:15'),
       (73, 16, 67,
        'Dolorem ut unde sed eum deserunt incidunt fugit dolorem. Esse rerum quos excepturi nulla aliquid accusantium. Qui ad quisquam ipsa aut aut cumque earum nisi. Doloribus et labore ut sunt et ut dolorum.',
        '1990-11-01 19:23:46'),
       (74, 68, 15,
        'Ut repudiandae et nostrum repellat vitae quisquam ratione ea. Et dolorem et voluptas repellendus veritatis hic. Quod dignissimos quaerat deleniti temporibus. Dolores ad odio aut reprehenderit.',
        '1977-04-18 15:56:08'),
       (75, 64, 20,
        'Nihil quis soluta eveniet accusamus. Sit optio perspiciatis repellendus delectus. Repellendus sapiente cupiditate quia corrupti repellat adipisci numquam.',
        '2015-07-23 23:51:43'),
       (76, 41, 54,
        'Modi ut facere et dolor debitis delectus. Quia a omnis et porro enim delectus. Omnis et iusto eligendi voluptatum.',
        '2005-11-05 12:36:45'),
       (77, 49, 20,
        'Quas nostrum quod sint voluptatem voluptas. Reiciendis in laborum nobis velit aut. Quo consequatur debitis ea earum itaque eligendi.',
        '2018-03-28 10:36:24'),
       (78, 72, 77,
        'Quae eos rerum accusantium similique et nihil provident. Sequi in dolorem quibusdam id voluptatem iure recusandae. Qui quis quod atque consequatur deleniti dolor mollitia quaerat. Non qui maiores cupiditate alias neque. Omnis et aut autem est fugit neque dolorem tenetur.',
        '2001-09-03 11:44:51'),
       (79, 49, 20,
        'Debitis voluptatibus nemo vitae soluta quis molestiae eius sint. Natus voluptatem perferendis animi esse sit sequi magnam eveniet. Aut neque et ullam provident illum et quae quis. Et est corporis et itaque repudiandae minima.',
        '2000-07-01 12:23:06'),
       (80, 24, 67,
        'Fugit autem sed et minus ratione. Nesciunt et ducimus unde possimus adipisci cumque. Deserunt expedita eos quia est aut eaque.',
        '1985-03-21 04:47:38'),
       (81, 96, 3,
        'Quia iusto ut eaque libero magnam. Repudiandae ea temporibus maxime fuga. Voluptatem perferendis quasi esse in sequi. Omnis autem eum voluptatum asperiores facere qui.',
        '2008-10-08 06:03:36'),
       (82, 46, 42,
        'Ex quia qui molestiae reiciendis natus. Aut explicabo iste aut facilis quod voluptatem quibusdam. Eius et culpa doloremque. Nobis quis molestias totam.',
        '1990-12-19 08:59:02'),
       (83, 49, 79,
        'Accusamus in amet deleniti sunt saepe. Ab dolorem in enim aliquid animi quas quo. Cupiditate in quod porro reprehenderit. Sunt recusandae asperiores dicta numquam quia.',
        '2018-01-28 04:46:30'),
       (84, 42, 20,
        'Dolores incidunt provident incidunt et sit pariatur doloremque ex. Molestias quia rerum voluptates quia. Sed minus exercitationem nemo aut recusandae vitae quo. Corporis qui veritatis ab esse.',
        '2001-06-20 13:05:16'),
       (85, 83, 84,
        'Possimus non illum est in tempora similique est minus. Molestiae et laborum explicabo ipsam voluptatem exercitationem.',
        '1978-03-31 05:47:24'),
       (86, 20, 86,
        'Sequi dicta et ex officiis. Enim qui quo repudiandae pariatur rerum omnis sed. Earum odit omnis beatae quam.',
        '2008-09-30 16:06:51'),
       (87, 43, 98,
        'Nisi consequatur iure tenetur eveniet fugiat. Est quas non error in. Praesentium tempora aliquam quisquam.',
        '1980-04-27 22:26:06'),
       (88, 78, 58,
        'Veniam voluptates sunt et fugiat et cupiditate et. Quo ducimus animi quis vel quos possimus. Non aut hic veritatis et recusandae doloremque voluptatem.',
        '2001-03-08 22:08:42'),
       (89, 65, 45,
        'Eveniet est placeat optio dicta fuga iste tenetur libero. Ut quis et quod dolorum. Eum mollitia ea consectetur officiis corrupti officiis illum impedit. Quis maxime nihil maiores laborum quod.',
        '2018-07-05 12:04:12'),
       (90, 28, 20, 'Autem alias voluptatem et iste nemo error. Cum molestiae consequatur illo ea eum modi.',
        '1975-03-30 11:37:58'),
       (91, 82, 14, 'Eligendi deleniti officia odio vitae quo. Vel pariatur laboriosam atque aut hic reprehenderit et.',
        '1987-05-05 02:50:46'),
       (92, 82, 50, 'Corrupti est aperiam labore vero aliquid et itaque. Animi minus ut rem vel et dignissimos.',
        '2012-08-22 17:10:52'),
       (93, 43, 53,
        'Harum soluta illum et labore. Dolorem aliquam laboriosam inventore tenetur quia. Veritatis dolores natus qui rem voluptatibus architecto molestiae. Iste consequuntur voluptatem cum omnis.',
        '2012-04-12 06:24:12'),
       (94, 27, 13,
        'Et fugiat laudantium maxime deleniti qui officiis quaerat at. Maiores velit minima laborum et recusandae. Et rem iste sit praesentium exercitationem repellat. Dolorum nisi qui enim magni hic excepturi. Architecto magnam est ab.',
        '1975-11-15 11:31:17'),
       (95, 99, 51,
        'Facilis cupiditate dolorum nesciunt delectus voluptatum earum consequatur beatae. Tempore accusantium et ratione libero ex quia. Voluptas quae eveniet nulla aliquid quia.',
        '1976-03-27 13:21:43'),
       (96, 80, 94,
        'Aperiam exercitationem repellat quis perferendis eius dolores aliquid. Est laborum qui aut autem similique. Perspiciatis et repellendus error sint minima quis.',
        '1971-07-25 12:26:44'),
       (97, 28, 20,
        'Corporis tempore quibusdam exercitationem est qui explicabo quos enim. Asperiores molestiae quidem exercitationem sunt optio necessitatibus atque iusto. Non vel repellendus dolorum nobis. Sint nulla rem amet et nihil itaque.',
        '1994-11-10 01:43:58'),
       (98, 36, 2,
        'In inventore cum perferendis praesentium et suscipit aliquid. Et cum possimus omnis a sint fugit voluptatem. Ipsa dolor est in qui eaque. Quia odit ut eos ut harum.',
        '1990-09-26 09:06:48'),
       (99, 5, 77,
        'Quia beatae accusantium laborum quod ratione. Cumque et delectus temporibus voluptas eum fuga. Vel ut nam ratione veniam dicta dolor voluptas. Deleniti aut id molestias inventore rerum aliquid aut.',
        '2017-09-01 02:11:21'),
       (100, 37, 87,
        'Amet occaecati eum quas est. Quia temporibus repellat quas accusantium aliquid quo qui. Pariatur cumque ea harum. Explicabo laboriosam voluptates dolores autem adipisci suscipit doloribus aut.',
        '2001-05-22 07:51:59');
/*!40000 ALTER TABLE `messages`
    ENABLE KEYS */;
UNLOCK TABLES;

--
-- Table structure for table `photo_albums`
--

DROP TABLE IF EXISTS `photo_albums`;
/*!40101 SET @saved_cs_client = @@character_set_client */;
/*!40101 SET character_set_client = utf8 */;
CREATE TABLE `photo_albums`
(
    `id`      bigint(20) unsigned NOT NULL AUTO_INCREMENT,
    `name`    varchar(255) COLLATE utf8_unicode_ci DEFAULT NULL,
    `user_id` bigint(20) unsigned                  DEFAULT NULL,
    PRIMARY KEY (`id`),
    UNIQUE KEY `id` (`id`),
    KEY `user_id` (`user_id`),
    CONSTRAINT `photo_albums_ibfk_1` FOREIGN KEY (`user_id`) REFERENCES `users` (`id`)
) ENGINE = InnoDB
  AUTO_INCREMENT = 101
  DEFAULT CHARSET = utf8
  COLLATE = utf8_unicode_ci;
/*!40101 SET character_set_client = @saved_cs_client */;

--
-- Dumping data for table `photo_albums`
--

LOCK TABLES `photo_albums` WRITE;
/*!40000 ALTER TABLE `photo_albums`
    DISABLE KEYS */;
INSERT INTO `photo_albums`
VALUES (1, 'nisi', 28),
       (2, 'nobis', 19),
       (3, 'magni', 53),
       (4, 'quibusdam', 19),
       (5, 'molestias', 50),
       (6, 'commodi', 36),
       (7, 'officia', 17),
       (8, 'omnis', 86),
       (9, 'eum', 9),
       (10, 'natus', 17),
       (11, 'fugit', 21),
       (12, 'velit', 40),
       (13, 'laborum', 91),
       (14, 'sed', 77),
       (15, 'animi', 57),
       (16, 'est', 86),
       (17, 'porro', 62),
       (18, 'sed', 50),
       (19, 'sunt', 97),
       (20, 'sequi', 99),
       (21, 'ipsam', 92),
       (22, 'maxime', 73),
       (23, 'eaque', 58),
       (24, 'nobis', 46),
       (25, 'mollitia', 31),
       (26, 'quam', 49),
       (27, 'libero', 60),
       (28, 'et', 84),
       (29, 'dolorem', 58),
       (30, 'eum', 51),
       (31, 'autem', 53),
       (32, 'molestiae', 85),
       (33, 'ducimus', 70),
       (34, 'alias', 6),
       (35, 'et', 3),
       (36, 'vero', 19),
       (37, 'exercitationem', 41),
       (38, 'accusamus', 20),
       (39, 'illum', 4),
       (40, 'aspernatur', 50),
       (41, 'velit', 36),
       (42, 'consectetur', 24),
       (43, 'quos', 90),
       (44, 'ut', 27),
       (45, 'enim', 1),
       (46, 'ab', 46),
       (47, 'quasi', 12),
       (48, 'voluptas', 63),
       (49, 'eligendi', 95),
       (50, 'aut', 8),
       (51, 'quis', 61),
       (52, 'dolores', 87),
       (53, 'animi', 81),
       (54, 'veniam', 19),
       (55, 'molestiae', 32),
       (56, 'ut', 11),
       (57, 'neque', 68),
       (58, 'autem', 92),
       (59, 'suscipit', 94),
       (60, 'voluptatem', 25),
       (61, 'nostrum', 43),
       (62, 'atque', 47),
       (63, 'quasi', 10),
       (64, 'qui', 12),
       (65, 'quidem', 52),
       (66, 'et', 12),
       (67, 'nulla', 30),
       (68, 'cupiditate', 93),
       (69, 'repudiandae', 32),
       (70, 'tempora', 33),
       (71, 'a', 42),
       (72, 'error', 68),
       (73, 'odit', 57),
       (74, 'est', 31),
       (75, 'omnis', 94),
       (76, 'esse', 57),
       (77, 'reprehenderit', 76),
       (78, 'molestiae', 5),
       (79, 'non', 19),
       (80, 'alias', 71),
       (81, 'quasi', 12),
       (82, 'inventore', 80),
       (83, 'molestias', 58),
       (84, 'delectus', 92),
       (85, 'totam', 98),
       (86, 'omnis', 90),
       (87, 'fugiat', 3),
       (88, 'deleniti', 65),
       (89, 'dolorum', 81),
       (90, 'quia', 96),
       (91, 'nesciunt', 90),
       (92, 'molestias', 24),
       (93, 'excepturi', 43),
       (94, 'cum', 99),
       (95, 'architecto', 35),
       (96, 'quo', 94),
       (97, 'ex', 11),
       (98, 'repellat', 64),
       (99, 'quam', 86),
       (100, 'quia', 42);
/*!40000 ALTER TABLE `photo_albums`
    ENABLE KEYS */;
UNLOCK TABLES;

--
-- Table structure for table `photos`
--

DROP TABLE IF EXISTS `photos`;
/*!40101 SET @saved_cs_client = @@character_set_client */;
/*!40101 SET character_set_client = utf8 */;
CREATE TABLE `photos`
(
    `id`       bigint(20) unsigned NOT NULL AUTO_INCREMENT,
    `album_id` bigint(20) unsigned NOT NULL,
    `media_id` bigint(20) unsigned NOT NULL,
    PRIMARY KEY (`id`),
    KEY `album_id` (`album_id`),
    KEY `media_id` (`media_id`),
    CONSTRAINT `photos_ibfk_1` FOREIGN KEY (`album_id`) REFERENCES `photo_albums` (`id`),
    CONSTRAINT `photos_ibfk_2` FOREIGN KEY (`media_id`) REFERENCES `media` (`id`)
) ENGINE = InnoDB
  AUTO_INCREMENT = 101
  DEFAULT CHARSET = utf8
  COLLATE = utf8_unicode_ci;
/*!40101 SET character_set_client = @saved_cs_client */;

--
-- Dumping data for table `photos`
--

LOCK TABLES `photos` WRITE;
/*!40000 ALTER TABLE `photos`
    DISABLE KEYS */;
INSERT INTO `photos`
VALUES (1, 1, 8),
       (2, 2, 60),
       (3, 3, 31),
       (4, 4, 43),
       (5, 5, 45),
       (6, 6, 15),
       (7, 7, 85),
       (8, 8, 14),
       (9, 9, 46),
       (10, 10, 93),
       (11, 11, 91),
       (12, 12, 36),
       (13, 13, 27),
       (14, 14, 82),
       (15, 15, 100),
       (16, 16, 91),
       (17, 17, 84),
       (18, 18, 38),
       (19, 19, 57),
       (20, 20, 51),
       (21, 21, 11),
       (22, 22, 96),
       (23, 23, 70),
       (24, 24, 87),
       (25, 25, 60),
       (26, 26, 74),
       (27, 27, 13),
       (28, 28, 19),
       (29, 29, 29),
       (30, 30, 91),
       (31, 31, 71),
       (32, 32, 37),
       (33, 33, 50),
       (34, 34, 2),
       (35, 35, 80),
       (36, 36, 94),
       (37, 37, 17),
       (38, 38, 65),
       (39, 39, 8),
       (40, 40, 62),
       (41, 41, 58),
       (42, 42, 98),
       (43, 43, 98),
       (44, 44, 85),
       (45, 45, 80),
       (46, 46, 98),
       (47, 47, 75),
       (48, 48, 64),
       (49, 49, 35),
       (50, 50, 32),
       (51, 51, 14),
       (52, 52, 46),
       (53, 53, 27),
       (54, 54, 83),
       (55, 55, 33),
       (56, 56, 86),
       (57, 57, 57),
       (58, 58, 45),
       (59, 59, 5),
       (60, 60, 86),
       (61, 61, 36),
       (62, 62, 75),
       (63, 63, 23),
       (64, 64, 86),
       (65, 65, 76),
       (66, 66, 2),
       (67, 67, 80),
       (68, 68, 93),
       (69, 69, 67),
       (70, 70, 87),
       (71, 71, 54),
       (72, 72, 24),
       (73, 73, 84),
       (74, 74, 52),
       (75, 75, 8),
       (76, 76, 64),
       (77, 77, 49),
       (78, 78, 82),
       (79, 79, 27),
       (80, 80, 83),
       (81, 81, 13),
       (82, 82, 40),
       (83, 83, 29),
       (84, 84, 40),
       (85, 85, 23),
       (86, 86, 61),
       (87, 87, 26),
       (88, 88, 79),
       (89, 89, 6),
       (90, 90, 30),
       (91, 91, 65),
       (92, 92, 41),
       (93, 93, 5),
       (94, 94, 87),
       (95, 95, 26),
       (96, 96, 81),
       (97, 97, 89),
       (98, 98, 5),
       (99, 99, 73),
       (100, 100, 55);
/*!40000 ALTER TABLE `photos`
    ENABLE KEYS */;
UNLOCK TABLES;

--
-- Table structure for table `profiles`
--

DROP TABLE IF EXISTS `profiles`;
/*!40101 SET @saved_cs_client = @@character_set_client */;
/*!40101 SET character_set_client = utf8 */;
CREATE TABLE `profiles`
(
    `user_id`    bigint(20) unsigned NOT NULL AUTO_INCREMENT,
    `gender`     char(1) COLLATE utf8_unicode_ci      DEFAULT NULL,
    `birthday`   date                                 DEFAULT NULL,
    `photo_id`   bigint(20) unsigned                  DEFAULT NULL,
    `created_at` datetime                             DEFAULT CURRENT_TIMESTAMP,
    `hometown`   varchar(100) COLLATE utf8_unicode_ci DEFAULT NULL,
    PRIMARY KEY (`user_id`),
    CONSTRAINT `profiles_ibfk_1` FOREIGN KEY (`user_id`) REFERENCES `users` (`id`) ON UPDATE CASCADE
) ENGINE = InnoDB
  AUTO_INCREMENT = 101
  DEFAULT CHARSET = utf8
  COLLATE = utf8_unicode_ci;
/*!40101 SET character_set_client = @saved_cs_client */;

--
-- Dumping data for table `profiles`
--

LOCK TABLES `profiles` WRITE;
/*!40000 ALTER TABLE `profiles`
    DISABLE KEYS */;
INSERT INTO `profiles`
VALUES (1, 'f', '1985-04-16', 3, '2011-05-11 18:01:57', 'Nolanhaven'),
       (2, 'f', '1995-09-22', 52, '1995-01-10 23:00:03', 'North Marjoryland'),
       (3, 'm', '2013-09-04', 52, '1998-04-08 06:27:57', 'Talonbury'),
       (4, 'm', '2008-10-12', 62, '2017-08-31 01:04:22', 'Olsonfort'),
       (5, 'f', '1970-04-18', 96, '2007-09-19 07:36:27', 'Mayburgh'),
       (6, 'm', '1999-08-25', 65, '1974-04-25 09:57:25', 'Considinefort'),
       (7, 'f', '1990-07-14', 16, '1991-04-16 05:08:05', 'West Abel'),
       (8, 'f', '1978-06-05', 34, '1976-05-29 03:36:26', 'Wildermanborough'),
       (9, 'f', '1971-04-13', 96, '1989-07-25 17:21:46', 'Lake Jana'),
       (10, 'm', '1993-01-18', 53, '1990-12-06 03:37:25', 'Sporerbury'),
       (11, 'f', '2001-03-13', 45, '1974-05-02 01:35:25', 'South Ashleighborough'),
       (12, 'f', '2000-03-02', 52, '2014-02-27 18:29:16', 'Pacochaberg'),
       (13, 'm', '1976-04-25', 25, '1988-04-12 14:35:13', 'North Effie'),
       (14, 'f', '1971-11-19', 55, '1978-05-12 06:00:00', 'East Eloyside'),
       (15, 'f', '1978-10-08', 23, '1995-07-03 00:01:55', 'Gordonview'),
       (16, 'f', '1987-02-27', 12, '1997-01-31 09:39:55', 'New Assuntaland'),
       (17, 'm', '1994-10-09', 4, '1983-03-27 04:50:10', 'Kylietown'),
       (18, 'm', '2017-06-06', 27, '1973-08-26 08:30:06', 'North Libbymouth'),
       (19, 'm', '1974-04-01', 57, '1993-09-25 04:38:16', 'East Magnus'),
       (20, 'm', '2009-03-30', 10, '1999-03-08 15:51:41', 'Lake Angeline'),
       (21, 'm', '2005-07-31', 3, '1990-03-13 05:14:05', 'Eliasside'),
       (22, 'f', '2015-07-09', 60, '1998-12-28 06:26:38', 'Yolandaborough'),
       (23, 'f', '2011-02-06', 9, '1970-12-13 11:52:43', 'South Yasmin'),
       (24, 'f', '2001-09-15', 45, '1980-11-29 08:14:12', 'Kutchside'),
       (25, 'm', '1974-10-25', 49, '1982-04-23 21:49:49', 'Spencerfort'),
       (26, 'f', '2006-02-05', 52, '2015-02-28 00:11:23', 'New Fausto'),
       (27, 'm', '1981-11-24', 73, '2001-10-07 19:43:06', 'New Denis'),
       (28, 'f', '1994-02-05', 52, '1974-07-16 14:47:28', 'Bernieceville'),
       (29, 'm', '1996-04-07', 12, '1990-11-13 07:09:38', 'South Steviestad'),
       (30, 'f', '2002-10-05', 26, '1997-09-17 19:59:49', 'Patsyfort'),
       (31, 'f', '2006-05-21', 1, '1983-06-19 12:16:20', 'Lake Jewel'),
       (32, 'm', '1993-07-05', 14, '1989-12-20 16:14:45', 'North Assuntaberg'),
       (33, 'm', '2012-06-08', 77, '1981-03-01 13:32:46', 'East Napoleonburgh'),
       (34, 'f', '1993-02-12', 52, '1988-05-07 19:03:27', 'Lake Adahland'),
       (35, 'm', '1974-06-30', 75, '2009-06-26 13:04:40', 'Emmanuellefort'),
       (36, 'm', '1989-10-02', 73, '1984-11-06 18:32:33', 'Sanfordchester'),
       (37, 'f', '1991-10-04', 17, '2017-06-01 10:18:14', 'Delbertshire'),
       (38, 'f', '1999-03-21', 91, '1983-07-31 23:08:19', 'Herzogberg'),
       (39, 'm', '2008-12-10', 6, '2019-01-31 05:47:14', 'East Vernie'),
       (40, 'm', '1987-09-27', 12, '2001-12-27 19:14:43', 'Ludiechester'),
       (41, 'f', '1986-04-23', 43, '2016-02-02 13:04:05', 'Port Cruz'),
       (42, 'm', '2013-08-30', 51, '1974-12-24 17:05:54', 'Bradtkeville'),
       (43, 'm', '2003-12-25', 63, '1980-04-12 15:27:28', 'Germainefort'),
       (44, 'm', '1999-07-16', 67, '2008-05-28 02:17:19', 'Blickbury'),
       (45, 'f', '1987-05-22', 5, '2007-09-10 16:36:29', 'North Norma'),
       (46, 'm', '2011-07-13', 86, '1976-08-05 09:46:23', 'North Cristian'),
       (47, 'f', '2002-01-04', 78, '1995-03-14 03:31:38', 'New Benjamin'),
       (48, 'm', '1984-03-27', 9, '2004-08-10 17:33:47', 'North Andersonland'),
       (49, 'f', '2005-04-15', 13, '2011-09-22 12:10:28', 'West Daphneyfurt'),
       (50, 'f', '1993-02-11', 35, '2004-11-14 13:53:13', 'Agustinstad'),
       (51, 'm', '2016-04-03', 18, '1980-08-24 02:10:38', 'Leaport'),
       (52, 'm', '1975-03-29', 15, '1976-07-07 00:19:11', 'New Alex'),
       (53, 'm', '1989-01-10', 94, '2012-04-27 20:02:58', 'Lake Triston'),
       (54, 'f', '2002-09-23', 26, '1996-04-17 04:39:02', 'West Valentin'),
       (55, 'm', '1994-07-29', 59, '2008-06-10 12:28:14', 'Handville'),
       (56, 'f', '1979-10-20', 42, '2019-07-22 14:49:47', 'Elseburgh'),
       (57, 'm', '1973-10-14', 78, '1970-07-04 03:42:44', 'Lake Thoraberg'),
       (58, 'f', '2019-01-20', 32, '2010-03-11 02:49:54', 'Millerhaven'),
       (59, 'm', '2017-07-07', 94, '1980-06-14 08:53:29', 'Wittingside'),
       (60, 'm', '1998-07-22', 90, '2007-07-18 04:37:30', 'New Abelview'),
       (61, 'm', '2016-05-29', 58, '1971-03-27 09:05:30', 'Brookfurt'),
       (62, 'm', '2008-05-18', 94, '1979-08-10 17:10:26', 'New Cadeshire'),
       (63, 'm', '2003-02-09', 3, '2003-06-26 12:05:19', 'South Braden'),
       (64, 'f', '1987-07-16', 34, '1995-04-28 04:58:59', 'West Tierraborough'),
       (65, 'f', '2014-09-30', 45, '1985-04-03 14:04:00', 'Barrowston'),
       (66, 'f', '1996-02-25', 78, '2017-02-12 17:11:26', 'North Garret'),
       (67, 'm', '1985-06-25', 7, '1974-11-04 10:00:56', 'Sashachester'),
       (68, 'm', '1983-11-17', 62, '1972-07-27 09:40:29', 'Chesleyberg'),
       (69, 'm', '1972-04-22', 68, '2005-09-28 07:35:57', 'North Myrlhaven'),
       (70, 'm', '1988-01-21', 13, '1975-06-11 06:49:51', 'Nathenview'),
       (71, 'f', '1974-08-29', 74, '2006-10-25 22:53:54', 'West Therese'),
       (72, 'm', '2006-02-03', 10, '2007-11-25 16:27:53', 'Port Alexanderborough'),
       (73, 'f', '1984-07-12', 63, '1990-04-02 12:02:59', 'East Esmeraldabury'),
       (74, 'f', '1973-02-20', 37, '1990-01-22 09:09:18', 'Treuteltown'),
       (75, 'f', '1986-06-02', 77, '1988-07-23 17:22:40', 'Wintheiserbury'),
       (76, 'm', '2011-12-29', 68, '1998-02-03 09:18:35', 'Christiansenview'),
       (77, 'm', '2009-04-16', 22, '1988-10-27 07:55:20', 'North Jaydeville'),
       (78, 'f', '2011-02-11', 55, '2004-07-10 03:22:05', 'Elbertchester'),
       (79, 'm', '2017-12-25', 77, '2010-01-31 02:16:15', 'Port Dangelobury'),
       (80, 'm', '1991-03-13', 35, '1975-05-08 10:25:22', 'O\'Connerchester'),
       (81, 'm', '1986-05-18', 89, '1992-05-17 16:11:28', 'Lindgrenview'),
       (82, 'm', '2014-06-16', 94, '1986-07-10 15:32:07', 'New Helenchester'),
       (83, 'f', '2001-11-27', 49, '2009-06-24 12:07:51', 'West Louie'),
       (84, 'f', '1984-06-12', 83, '2006-06-25 21:50:02', 'New Chester'),
       (85, 'f', '2011-08-13', 20, '1991-12-02 07:09:48', 'South Odaview'),
       (86, 'f', '2003-07-26', 8, '2001-07-22 21:32:38', 'Port Ardenmouth'),
       (87, 'f', '1987-05-14', 24, '2015-11-03 11:35:14', 'New Ellaland'),
       (88, 'f', '2004-02-12', 98, '2008-02-18 08:42:34', 'South Tomaschester'),
       (89, 'f', '2009-12-05', 40, '1974-07-11 16:20:24', 'North Wilbertton'),
       (90, 'f', '1972-07-08', 17, '2007-01-20 07:50:23', 'Mayertburgh'),
       (91, 'm', '1987-12-27', 87, '2006-12-01 20:08:50', 'Lake Vito'),
       (92, 'f', '2019-07-22', 97, '2018-08-01 15:44:05', 'Donnellyville'),
       (93, 'f', '2002-06-25', 10, '1997-01-18 06:25:27', 'Kochborough'),
       (94, 'm', '2013-05-05', 90, '2015-01-26 04:52:16', 'Aracelyborough'),
       (95, 'm', '1986-12-18', 31, '2008-08-19 04:29:14', 'North Eldredburgh'),
       (96, 'f', '1996-11-12', 55, '2000-06-15 11:25:13', 'East Americo'),
       (97, 'm', '2012-04-05', 68, '1987-12-30 23:34:13', 'Abshirestad'),
       (98, 'm', '2019-01-27', 37, '1979-08-21 23:33:50', 'East Reidview'),
       (99, 'f', '1998-09-08', 17, '1996-11-19 20:50:04', 'Mabelburgh'),
       (100, 'f', '2003-07-03', 35, '2007-03-28 13:26:56', 'North Aidanbury');
/*!40000 ALTER TABLE `profiles`
    ENABLE KEYS */;
UNLOCK TABLES;

--
-- Table structure for table `users`
--

DROP TABLE IF EXISTS `users`;
/*!40101 SET @saved_cs_client = @@character_set_client */;
/*!40101 SET character_set_client = utf8 */;
CREATE TABLE `users`
(
    `id`        bigint(20) unsigned NOT NULL AUTO_INCREMENT,
    `firstname` varchar(50) COLLATE utf8_unicode_ci  DEFAULT NULL,
    `lastname`  varchar(50) COLLATE utf8_unicode_ci  DEFAULT NULL COMMENT '',
    `email`     varchar(120) COLLATE utf8_unicode_ci DEFAULT NULL,
    `phone`     bigint(20)                           DEFAULT NULL,
    PRIMARY KEY (`id`),
    UNIQUE KEY `email` (`email`),
    KEY `users_phone_idx` (`phone`),
    KEY `users_firstname_lastname_idx` (`firstname`, `lastname`)
) ENGINE = InnoDB
  AUTO_INCREMENT = 101
  DEFAULT CHARSET = utf8
  COLLATE = utf8_unicode_ci;
/*!40101 SET character_set_client = @saved_cs_client */;

--
-- Dumping data for table `users`
--

LOCK TABLES `users` WRITE;
/*!40000 ALTER TABLE `users`
    DISABLE KEYS */;
INSERT INTO `users`
VALUES (1, 'Dorian', 'Nikolaus', 'schmitt.emmet@example.com', 1030800149),
       (2, 'Randi', 'Krajcik', 'keely.sauer@example.org', 1),
       (3, 'Eliezer', 'Reinger', 'nels00@example.net', 0),
       (4, 'Fredrick', 'King', 'erogahn@example.org', 635436),
       (5, 'Chet', 'Marks', 'jett.rath@example.com', 0),
       (6, 'Ludie', 'Maggio', 'windler.garrison@example.net', 90),
       (7, 'Taurean', 'Leuschke', 'blehner@example.com', 6708467674),
       (8, 'Moises', 'Casper', 'nmedhurst@example.com', 0),
       (9, 'Beverly', 'Barrows', 'ecarter@example.net', 1),
       (10, 'Antonio', 'Mraz', 'elsa89@example.com', 0),
       (11, 'Hipolito', 'Harris', 'batz.noemi@example.org', 860),
       (12, 'Tracey', 'O\'Connell', 'gladyce.o\'connell@example.com', 58),
       (13, 'Darion', 'Wisozk', 'cornell15@example.org', 570186),
       (14, 'Buddy', 'Heaney', 'mkohler@example.org', 1),
       (15, 'Zackary', 'Kohler', 'schmitt.elwin@example.net', 175231),
       (16, 'Laisha', 'Bernhard', 'bauch.dee@example.net', 987),
       (17, 'Bella', 'Fadel', 'mckenna60@example.com', 458),
       (18, 'Griffin', 'Gerhold', 'zola.wunsch@example.net', 0),
       (19, 'Joey', 'Wiegand', 'sydnie.kub@example.net', 74),
       (20, 'Landen', 'Rau', 'sipes.eli@example.com', 6396914076),
       (21, 'Angelica', 'Gibson', 'igoodwin@example.com', 389286),
       (22, 'Mohammed', 'Lubowitz', 'tillman.matt@example.com', 1),
       (23, 'Corrine', 'Mosciski', 'alanis.jakubowski@example.net', 1),
       (24, 'Samara', 'Waters', 'kendrick.barrows@example.org', 0),
       (25, 'Viola', 'Paucek', 'austin.mcdermott@example.com', 0),
       (26, 'Terrance', 'Pagac', 'bertrand35@example.net', 0),
       (27, 'Eli', 'Runolfsson', 'antwan.hettinger@example.org', 0),
       (28, 'Jayson', 'Watsica', 'everette.dach@example.net', 1),
       (29, 'Jadyn', 'Kirlin', 'morton70@example.net', 0),
       (30, 'Miles', 'Gerhold', 'theresa.kassulke@example.net', 0),
       (31, 'Alexanne', 'Gislason', 'pfisher@example.com', 0),
       (32, 'Jeanne', 'Smitham', 'littel.kaley@example.com', 0),
       (33, 'Diego', 'Kub', 'abshire.lelia@example.com', 511029),
       (34, 'Buck', 'Rowe', 'cbeer@example.com', 1),
       (35, 'Beulah', 'Marquardt', 'ijakubowski@example.org', 265636),
       (36, 'Mariana', 'Lueilwitz', 'jessyca80@example.com', 1),
       (37, 'Ethyl', 'Morar', 'bbeer@example.org', 325),
       (38, 'Jaeden', 'Kulas', 'nolan.rhea@example.org', 132614),
       (39, 'Josephine', 'Collier', 'tom81@example.net', 5914907766),
       (40, 'Beau', 'Mayer', 'jovan57@example.com', 0),
       (41, 'Felicita', 'Bruen', 'maggie.moore@example.org', 0),
       (42, 'Jayne', 'Upton', 'mlueilwitz@example.net', 262),
       (43, 'Nya', 'Lemke', 'rraynor@example.org', 0),
       (44, 'Andreanne', 'Bins', 'sebastian43@example.com', 78),
       (45, 'Marlene', 'Rath', 'towne.sheila@example.com', 8441654940),
       (46, 'Ed', 'Wyman', 'neffertz@example.com', 1),
       (47, 'Norwood', 'Mante', 'salvador15@example.net', 8712864957),
       (48, 'Arvilla', 'Hammes', 'florida.koelpin@example.com', 1),
       (49, 'Amira', 'Bechtelar', 'giles.lehner@example.net', 0),
       (50, 'Retha', 'Herman', 'arutherford@example.com', 91),
       (51, 'Jaunita', 'Wunsch', 'koch.london@example.org', 1),
       (52, 'Katelynn', 'Cummerata', 'hfahey@example.org', 1),
       (53, 'Zachary', 'Connelly', 'marge89@example.org', 0),
       (54, 'Violet', 'Hudson', 'tre39@example.net', 956229),
       (55, 'Della', 'Predovic', 'kassulke.jevon@example.net', 628699),
       (56, 'Brain', 'Schmitt', 'vraynor@example.net', 396),
       (57, 'Whitney', 'Dickens', 'balistreri.ocie@example.org', 0),
       (58, 'Nettie', 'Deckow', 'kacie.pfannerstill@example.com', 1),
       (59, 'Ashlynn', 'Bergnaum', 'ellis43@example.net', 15),
       (60, 'Magdalen', 'Nolan', 'schowalter.layla@example.net', 794),
       (61, 'Frieda', 'Anderson', 'nstark@example.com', 0),
       (62, 'Keith', 'VonRueden', 'mlehner@example.net', 0),
       (63, 'Izabella', 'Ankunding', 'mayer.barry@example.net', 754049),
       (64, 'Albert', 'Jast', 'vkeebler@example.net', 1),
       (65, 'Bertrand', 'Harvey', 'jkuphal@example.com', 4903826192),
       (66, 'Madelynn', 'Rempel', 'grant.natalie@example.net', 0),
       (67, 'Alfredo', 'Williamson', 'alaina.upton@example.org', 1),
       (68, 'Carlo', 'Ziemann', 'delia.watsica@example.com', 0),
       (69, 'Sylvester', 'Kerluke', 'stokes.fausto@example.com', 0),
       (70, 'Izaiah', 'Mohr', 'bradtke.bobbie@example.com', 258884),
       (71, 'Garett', 'Balistreri', 'jeramy13@example.net', 1),
       (72, 'Camila', 'Corwin', 'ivy40@example.net', 5453784748),
       (73, 'Faustino', 'Schuster', 'augustus48@example.net', 924),
       (74, 'Verona', 'Legros', 'yost.magdalena@example.org', 23),
       (75, 'Miguel', 'Rodriguez', 'iharber@example.com', 560),
       (76, 'Allen', 'Rath', 'antonina06@example.com', 0),
       (77, 'Natalia', 'Wisoky', 'jast.makenzie@example.net', 586777),
       (78, 'Verna', 'Goyette', 'dd\'amore@example.net', 0),
       (79, 'Eldora', 'Jenkins', 'beahan.america@example.com', 80865),
       (80, 'Kaela', 'Orn', 'caitlyn.krajcik@example.net', 89),
       (81, 'Kay', 'Nienow', 'mable98@example.org', 1),
       (82, 'Gisselle', 'Schuster', 'malika34@example.com', 1),
       (83, 'Aurore', 'Runolfsson', 'hope.rippin@example.net', 488162),
       (84, 'Jasen', 'Koepp', 'jordon.walker@example.org', 17),
       (85, 'Sonny', 'Koelpin', 'arnoldo58@example.net', 1),
       (86, 'Bernard', 'Thompson', 'doug39@example.org', 419),
       (87, 'Monte', 'Keeling', 'hans.lehner@example.net', 1),
       (88, 'Camila', 'Larkin', 'valerie.balistreri@example.com', 188),
       (89, 'Coy', 'Konopelski', 'felix.friesen@example.net', 867),
       (90, 'Beaulah', 'Klein', 'lambert.bogan@example.net', 795608),
       (91, 'Elliot', 'Weimann', 'magdalen07@example.com', 386),
       (92, 'Autumn', 'Moen', 'otho.brakus@example.net', 894774),
       (93, 'Misty', 'Schowalter', 'jo47@example.com', 1),
       (94, 'Roxane', 'O\'Keefe', 'kaden.boyle@example.net', 0),
       (95, 'Valentine', 'Abernathy', 'rey.blick@example.org', 18),
       (96, 'Eloisa', 'Hauck', 'gleichner.jackeline@example.org', 6),
       (97, 'Paolo', 'Howe', 'clifford.cruickshank@example.net', 329271),
       (98, 'Irma', 'Wiegand', 'cindy.bartoletti@example.org', 1),
       (99, 'Sharon', 'Sauer', 'milton53@example.com', 607133),
       (100, 'Sigurd', 'Prohaska', 'eden.greenholt@example.com', 437407);
/*!40000 ALTER TABLE `users`
    ENABLE KEYS */;
UNLOCK TABLES;

--
-- Table structure for table `users_communities`
--

DROP TABLE IF EXISTS `users_communities`;
/*!40101 SET @saved_cs_client = @@character_set_client */;
/*!40101 SET character_set_client = utf8 */;
CREATE TABLE `users_communities`
(
    `user_id`      bigint(20) unsigned NOT NULL,
    `community_id` bigint(20) unsigned NOT NULL,
    PRIMARY KEY (`user_id`, `community_id`),
    KEY `community_id` (`community_id`),
    CONSTRAINT `users_communities_ibfk_1` FOREIGN KEY (`user_id`) REFERENCES `users` (`id`),
    CONSTRAINT `users_communities_ibfk_2` FOREIGN KEY (`community_id`) REFERENCES `communities` (`id`)
) ENGINE = InnoDB
  DEFAULT CHARSET = utf8
  COLLATE = utf8_unicode_ci;
/*!40101 SET character_set_client = @saved_cs_client */;

--
-- Dumping data for table `users_communities`
--

LOCK TABLES `users_communities` WRITE;
/*!40000 ALTER TABLE `users_communities`
    DISABLE KEYS */;
INSERT INTO `users_communities`
VALUES (35, 2),
       (87, 5),
       (93, 6),
       (50, 7),
       (51, 7),
       (76, 8),
       (23, 9),
       (43, 10),
       (57, 10),
       (51, 12),
       (85, 12),
       (8, 13),
       (75, 13),
       (25, 14),
       (88, 14),
       (89, 15),
       (6, 16),
       (75, 16),
       (19, 17),
       (50, 17),
       (82, 18),
       (51, 19),
       (17, 20),
       (89, 21),
       (58, 23),
       (45, 24),
       (3, 25),
       (52, 25),
       (2, 26),
       (28, 26),
       (85, 26),
       (13, 28),
       (39, 28),
       (83, 30),
       (69, 32),
       (44, 33),
       (17, 34),
       (85, 35),
       (87, 35),
       (78, 36),
       (20, 37),
       (26, 37),
       (33, 37),
       (58, 37),
       (35, 39),
       (74, 39),
       (100, 39),
       (69, 40),
       (83, 40),
       (38, 42),
       (62, 42),
       (34, 45),
       (94, 46),
       (83, 47),
       (5, 49),
       (53, 50),
       (2, 51),
       (73, 51),
       (100, 52),
       (58, 54),
       (77, 56),
       (71, 60),
       (56, 61),
       (60, 61),
       (35, 62),
       (93, 62),
       (3, 63),
       (24, 63),
       (30, 63),
       (57, 63),
       (72, 64),
       (21, 65),
       (35, 67),
       (35, 69),
       (3, 72),
       (18, 72),
       (64, 72),
       (20, 73),
       (70, 73),
       (72, 73),
       (87, 73),
       (11, 76),
       (74, 76),
       (19, 77),
       (39, 78),
       (59, 78),
       (68, 79),
       (74, 79),
       (38, 83),
       (93, 86),
       (88, 89),
       (5, 90),
       (44, 90),
       (51, 90),
       (91, 91),
       (27, 92),
       (22, 94),
       (43, 94),
       (44, 96),
       (31, 97);
/*!40000 ALTER TABLE `users_communities`
    ENABLE KEYS */;
UNLOCK TABLES;
/*!40103 SET TIME_ZONE = @OLD_TIME_ZONE */;

/*!40101 SET SQL_MODE = @OLD_SQL_MODE */;
/*!40014 SET FOREIGN_KEY_CHECKS = @OLD_FOREIGN_KEY_CHECKS */;
/*!40014 SET UNIQUE_CHECKS = @OLD_UNIQUE_CHECKS */;
/*!40101 SET CHARACTER_SET_CLIENT = @OLD_CHARACTER_SET_CLIENT */;
/*!40101 SET CHARACTER_SET_RESULTS = @OLD_CHARACTER_SET_RESULTS */;
/*!40101 SET COLLATION_CONNECTION = @OLD_COLLATION_CONNECTION */;
/*!40111 SET SQL_NOTES = @OLD_SQL_NOTES */;

-- Dump completed on 2019-10-30  1:42:34
