INSERT INTO `activity_types` (`id`, `name`, `alias`)
VALUES (1, 'aero-shooting', 'Аэросъёмки'),
       (2, 'video-shooting', 'Видеосъёмки'),
       (3, 'castings', 'Кастинги'),
       (4, 'cinema-shootings', 'Киносъёмки'),
       (5, 'underwater-shootings', 'Подводные съёмки'),
       (6, 'tv-shootings', 'Телесъёмки'),
       (7, 'photo-shootings', 'Фотосъёмки'),
       (8, 'events', 'Ивенты'),
       (9, 'interactive-games', 'Интерактивные игры'),
       (10, 'quests', 'Квесты'),
       (11, 'club-parties', 'Клубные вечеринки'),
       (12, 'holidays', 'Праздники'),
       (13, 'fashion-shows', 'Показы мод'),
       (14, 'presentations', 'Презентации'),
       (15, 'promos', 'Промо-акции'),
       (16, 'excursions', 'Экскурсии'),
       (17, 'balls', 'Балы'),
       (18, 'exhibitions', 'Выставки'),
       (19, 'contests', 'Конкурсы'),
       (20, 'concerts', 'Концерты'),
       (21, 'awards', 'Премии'),
       (22, 'festivals', 'Фестивали'),
       (23, 'flashmobs', 'Флешмобы'),
       (24, 'fairs', 'Ярмарки'),
       (25, 'auctions', 'Аукционы'),
       (26, 'webinars', 'Вебинары'),
       (27, 'conferences', 'Конференции'),
       (28, 'master-classes', 'Мастер-классы'),
       (29, 'conversations', 'Переговоры'),
       (30, 'presentations', 'Презентации'),
       (31, 'repetitions', 'Репетиции'),
       (32, 'seminars', 'Семинары'),
       (33, 'teambuildings', 'Тимбилдинги'),
       (34, 'trainings', 'Тренинги'),
       (35, 'forums', 'Форумы'),
       (36, 'weddings', 'Бракосочетания'),
       (37, 'parties', 'Вечеринки'),
       (38, 'hen-parties', 'Девичники'),
       (39, 'meetings', 'Деловые встречи'),
       (40, 'flat-parties', 'Квартирники'),
       (41, 'hangovers', 'Мальчишники'),
       (42, 'celebrations', 'Праздники'),
       (43, 'dates', 'Романтические вечера'),
       (44, 'family-holidays', 'Семейный отдых'),
       (45, 'anniversaries', 'Юбилеи');

INSERT INTO `cases` (`id`, `header`, `description`, `image_url`, `album_id`)
VALUES (1, 'Съёмки клипа для Tarkana Tevetoglu',
        'Съёмка клипов - это целый отдельный, безумный, красочный и ни на что не похожий процесс. А подготовка площадки на Васильевском спуске за день до съёмок для гостей из Турции была большим удивлением. Мы справились.',
        '/uploads/ad/0e/6ab04157b0da3c8ad58b66e4cf1337f0.jpg', 1),
       (2, 'Локейшн скаутинг в России',
        'Мы стояли у истоков зарождения. У нас многолетний опыт работы в творческой среде и больше тысячи проектов с нашим участием. Это\r\nхудожественные фильмы, сериалы, рекламные и музыкальные ролики, фотосъёмки для журналов, презентации автомобилей, частные и корпоративные мероприятия.',
        '/uploads/21/9c/996e5cf31aa1fdd25e230af0219a2941.jpg', 2);

INSERT INTO `catalog_categories` (`id`, `name`, `catalog_section_id`)
VALUES (1, 'Авиапарки', 1),
       (2, 'Автодромы', 1),
       (3, 'Автопарки', 1),
       (4, 'Автосалоны', 1),
       (5, 'Автотрассы', 1),
       (6, 'Аквапарки', 1),
       (7, 'Актовые залы', 1),
       (8, 'Аэродромы', 1),
       (9, 'Аэропорты', 1),
       (10, 'Банкетные залы', 1),
       (11, 'Бассейны', 1),
       (12, 'Базы', 1),
       (13, 'Бары', 1),
       (14, 'Бизнес-центры', 1),
       (15, 'Бункера', 1),
       (16, 'Веранды', 1),
       (17, 'Вертолётные площадки', 1),
       (18, 'Водный транспорт', 1),
       (19, 'Водоёмы', 1),
       (20, 'Вокзалы', 1),
       (21, 'Выставочные залы', 1),
       (22, 'Галереи', 1),
       (23, 'Гаражи', 1),
       (24, 'Города', 1),
       (25, 'Городские парки', 1),
       (26, 'Гостиницы', 1),
       (27, 'Дачи', 1),
       (28, 'Дворцы', 1),
       (29, 'Дворы', 1),
       (30, 'Дежурные части', 1),
       (31, 'Декорации', 1),
       (32, 'Деревни', 1),
       (33, 'Детские учреждения', 1),
       (34, 'Дома культуры', 1),
       (35, 'Дома отдыха', 1),
       (36, 'Железные дороги', 1),
       (37, 'Заброшенные объекты', 1),
       (38, 'Заводы', 1),
       (39, 'Замки', 1),
       (40, 'Заправки', 1),
       (41, 'Избы', 1),
       (42, 'Кабинеты', 1),
       (43, 'Карьеры', 1),
       (44, 'Кафе', 1),
       (45, 'Квартиры', 1),
       (46, 'Кинотеатры', 1),
       (47, 'Клубы', 1),
       (48, 'Колхозы', 1),
       (49, 'Конгресс-холлы', 1),
       (50, 'Концертные залы', 1),
       (51, 'Конференц-залы', 1),
       (52, 'Коттеджи', 1),
       (53, 'Крепости', 1),
       (54, 'Крыши', 1),
       (55, 'Курорты', 1),
       (56, 'Логистические центры', 1),
       (57, 'Лофты', 1),
       (58, 'Магазины', 1),
       (59, 'Мастерские', 1),
       (60, 'Медицинские учреждения', 1),
       (61, 'Мельницы', 1),
       (62, 'Мечети', 1),
       (63, 'Мосты', 1),
       (64, 'Музеи', 1),
       (65, 'Наземный транспорт', 1),
       (66, 'Нестандартные', 1),
       (67, 'Образовательные учреждения', 1),
       (68, 'Общежития', 1),
       (69, 'Особняки', 1),
       (70, 'Отели', 1),
       (71, 'Офисы', 1),
       (72, 'Павильоны', 1),
       (73, 'Памятники', 1),
       (74, 'Пансионаты', 1),
       (75, 'Парковки', 1),
       (76, 'Поля', 1),
       (77, 'Леса', 1),
       (78, 'Пентхаусы', 1),
       (79, 'Переговорки', 1),
       (80, 'Переходы', 1),
       (81, 'Площади', 1),
       (82, 'Пляжи', 1),
       (83, 'Погреба', 1),
       (84, 'Подземные сооружения', 1),
       (85, 'Подъезды', 1),
       (86, 'Полигоны', 1),
       (87, 'Полицейские участки', 1),
       (88, 'Порты', 1),
       (89, 'Поселки', 1),
       (90, 'Причалы', 1),
       (91, 'Промышленные зоны', 1),
       (92, 'Режимные объекты', 1),
       (93, 'Рестораны', 1),
       (94, 'Ретро', 1),
       (95, 'Ритуальные учреждения', 1),
       (96, 'Рынки', 1),
       (97, 'Салоны красоты', 1),
       (98, 'Санаторий', 1),
       (99, 'Сервисные центры', 1),
       (100, 'Склады', 1),
       (101, 'Спортивные залы', 1),
       (102, 'Спортивные центры', 1),
       (103, 'Стадионы', 1),
       (104, 'Станции', 1),
       (105, 'Строительные объекты', 1),
       (106, 'Студии', 1),
       (107, 'Таун-хаусы', 1),
       (108, 'Театры', 1),
       (109, 'Технические помещения', 1),
       (110, 'Торговые центры', 1),
       (111, 'Фермы', 1),
       (112, 'Улицы', 1),
       (113, 'Управления', 1),
       (114, 'Усадьбы', 1),
       (115, 'Хелиопарки', 1),
       (116, 'Храмы', 1),
       (117, 'Церкви', 1),
       (118, 'Цирки', 1),
       (119, 'Частные дома', 1),
       (120, 'Шатры', 1),
       (121, 'Яхт-клубы', 1),
       (122, 'Актёры кино', 2),
       (123, 'Актёры театра', 2),
       (124, 'Актёры озвучания', 2),
       (125, 'Артисты балета', 2),
       (126, 'Артисты цирка', 2),
       (127, 'Аниматоры', 2),
       (128, 'Близнецы', 2),
       (129, 'Ведущие', 2),
       (130, 'Ди-джеи', 2),
       (131, 'Дирижёры', 2),
       (132, 'Дублёры', 2),
       (133, 'Иллюзионисты', 2),
       (134, 'Кавер группы', 2),
       (135, 'Каскадёры', 2),
       (136, 'Комики', 2),
       (137, 'Кукловоды', 2),
       (138, 'Массовка', 2),
       (139, 'Спикеры', 2),
       (140, 'Танцевальные группы', 2),
       (141, 'Творческие коллективы', 2),
       (142, 'Фокусники', 2),
       (143, 'Шоумены', 2),
       (144, 'Эстрадные исполнители', 2),
       (145, 'Бизнес-модели', 3),
       (146, 'Бодиарт', 3),
       (147, 'Гоу-гоу', 3),
       (148, 'Натурщики', 3),
       (149, 'Парт-модель', 3),
       (150, 'Подиумные модели', 3),
       (151, 'Промо-модели', 3),
       (152, 'Статисты', 3),
       (153, 'Стрип', 3),
       (154, 'Фитнес', 3),
       (155, 'Бикини', 3),
       (156, 'Фото-модели', 3),
       (157, 'Авиа', 4),
       (158, 'Вело', 4),
       (159, 'Водный', 4),
       (160, 'Военный', 4),
       (161, 'Грузовой', 4),
       (162, 'Железнодорожный', 4),
       (163, 'Легковой', 4),
       (164, 'Мото', 4),
       (165, 'Производственный', 4),
       (166, 'Ретро', 4);

INSERT INTO `catalog_items` (`id`, `name`, `city_id`, `address`, `coordinates`, `commission`, `prepay`, `deposit`,
                             `activity_types`, `price`, `hashtags`, `description`, `album_id`, `is_premium`,
                             `catalog_section_id`, `catalog_category_id`)
VALUES (1, 'Апартаменты в стиле лофт', 1, 'ЮАО район Донской', '(55.93094,37.08573999999999)', 0, 50, 50, '[
  \"1\",
  \"2\",
  \"3\",
  \"17\"
]', 8000, '[
  \"1\",
  \"2\",
  \"3\",
  \"4\"
]',
        'Шикарные апартаменты в одноименном стиле. Авторский дизайн, большая терраса,  балкон, в наличии необходимая мебель и бытовая техника, ванная комната с душевой зоной, кухня с посудой и барная стойка, 2 двуспальные кровати-трансформеры, большой обеденный стол, стулья, большой кожаный диван, проектор с экраном, аудиосистема, кофемашина. Апартаменты находятся в историческом районе Москвы с отличной инфраструктурой. Закрытая охраняемая территория с собственным сквером и паркингом. Проведён скоростной интернет и настроен Wi-Fi. Неподалеку находится крупная развязка Третьего транспортного кольца с прямым доступом к любому направлению. Оплата почасовая, минимум 4 часа. Аренда парковочного места оплачиваются отдельно.',
        3, 1, 1, 45),
       (2, 'Трёхуровневые апартаменты', 3, 'ЮАО район Донской', '(55.93094,37.08573999999999)', 0, 50, 100, '[
         \"1\",
         \"17\"
       ]', 20000, '[
         \"1\",
         \"2\",
         \"3\",
         \"4\",
         \"5\",
         \"6\",
         \"8\",
         \"11\",
         \"12\",
         \"14\",
         \"15\",
         \"27\",
         \"28\",
         \"29\",
         \"30\",
         \"31\",
         \"32\",
         \"33\"
       ]',
        'Уникальные апартаменты в стиле лофт на территории бывшей старинной фабрики. Оригинальная планировка пространства, просторный интерьер, дизайнерский ремонт и мебель. На первом уровне - холл, просторная гостиная, гостевая спальня, кухня, столовая зона, проектор с 6-ти метровым экраном и системой домашнего кинотеатра, второй свет и мансардные окна. На втором уровне - антресоль с библиотекой и чилаут зоной, звуковая система управляемая со смартфона, главная спальня, гардеробная, тропический душ, небольшой зимний сад. На третьем уровне - уютный лофт с размещением, блок с прачечной, доступ на крышу. На всей территории апартаментов живые растения, арт-объекты, картины, скульптуры. В шаговой доступности несколько уютных кофеен, рестораны, спа и массажные салоны, кальянные, салоны красоты и барбер-шоп, танцевальная и йога студия. За пределами территории комплекса, в 3-х минутах ходьбы несколько больших торговых центров, кинотеатр, метро, рестораны быстрого питания, круглосуточные фастфуды и магазины, несколько отделений банков, продуктовый рынок.\r\n',
        4, 0, 1, 45),
       (5, 'expedita', 5, '138 Godfrey Plains Apt. 825', '(55.45158,37.65345000000002)', 0, 0, 0, '[
         \"8\"
       ]', 5, '[
         \"3\"
       ]',
        'Accusantium voluptatem beatae repellendus. Quia ea rem dignissimos praesentium. Sint nostrum similique iste dolorum cupiditate earum eum. Nostrum est excepturi id voluptas dolorem possimus qui.',
        1, 0, 1, 45),
       (6, 'voluptatibus', 6, '167 Bins Squares', '(55.28442,37.54151000000002)', 0, 0, 0, '[
         \"7\"
       ]', 7, '[
         \"10\"
       ]',
        'Magni voluptatem facere labore impedit ratione. Officia eligendi inventore reiciendis culpa cum non. Aut modi eaque ipsa et est. Ab accusamus rerum a dolores dolores.',
        2, 0, 1, 45),
       (7, 'ex', 7, '426 Schuster Villages Apt. 566', '(55.34697,37.637069999999994)', 50, 0, 0, '[
         \"8\"
       ]', 0, '[
         \"11\",
         \"12\"
       ]',
        'Vel earum explicabo aliquid cumque excepturi corporis quod. Minus doloremque corporis earum. Reprehenderit aut sit consectetur illo nemo rem. Voluptas rerum corporis ut ad distinctio.',
        3, 1, 1, 42),
       (8, 'aut', 8, '1627 Kylee Lakes', '(55.03308,37.10928999999999)', 100, 0, 0, '[
         \"5\"
       ]', 2387308, '[
         \"2\",
         \"3\",
         \"4\",
         \"5\",
         \"30\"
       ]',
        'Corrupti in numquam ipsum nemo dolorem aliquam eveniet. Tenetur officiis iste expedita molestiae ipsa. Quo animi non aspernatur qui eaque qui consequatur.',
        4, 0, 1, 5),
       (9, 'dignissimos', 9, '337 Kuphal Manor Suite 143', '(55.78900,37.33448)', 50, 0, 0, '5', 5119945, '1',
        'Inventore dolore ad quae molestiae. Sint omnis architecto et qui minus est labore quaerat. Aut voluptates impedit natus sit rerum quo nisi. Rerum minus error sit.',
        1, 0, 1, 22),
       (10, 'ipsum', 10, '88757 Lynch Tunnel', '(55.85160,37.25925)', 50, 0, 0, '1', 409756, '9',
        'Exercitationem doloremque ea consequatur voluptate perspiciatis tenetur. Odio vel recusandae aut reiciendis optio aut ut soluta.',
        2, 0, 1, 93),
       (11, 'consequuntur', 11, '342 Orn Street', '(55.75939,37.11690)', 50, 0, 0, '9', 0, '11',
        'Dolorem voluptate eveniet ad dolorem harum beatae est omnis. Voluptatem tempore temporibus repellendus doloremque aut. Sed consequuntur quaerat atque eius et voluptatem.',
        3, 0, 1, 35),
       (12, 'eius', 12, '1530 Jayne Landing', '(55.08160,37.78517)', 50, 0, 0, '5', 115413, '9',
        'Nesciunt incidunt qui optio animi rerum dicta. Vel voluptatem suscipit ratione enim qui voluptatem quas. Numquam debitis eaque aut accusantium.',
        4, 1, 1, 17),
       (13, 'enim', 13, '64957 Melody Hollow Apt. 347', '(55.08288,37.92604)', 100, 0, 0, '9', 24378, '9',
        'Iusto voluptas quos expedita eos. Ad facere recusandae incidunt architecto quibusdam. Quo vero repellendus incidunt quas sunt. Hic facilis consectetur nesciunt unde quam.',
        1, 0, 1, 103),
       (14, 'mollitia', 14, '4339 Darrin Parks Apt. 540', '(55.25354,37.87564)', 100, 0, 0, '2', 103383, '7',
        'Ex in eius eaque illo tenetur. Ad dolorum voluptatum autem dolores harum et voluptatem. Distinctio ut in mollitia optio numquam quia consequatur eos. Et nobis quia natus et dignissimos earum illo.',
        2, 0, 1, 97),
       (15, 'in', 15, '39836 Adelbert Crossroad Apt. 064', '(55.34672,37.76133)', 0, 0, 0, '7', 44113748, '7',
        'Aperiam quibusdam asperiores dolore architecto nihil labore omnis. Dolore quisquam enim est ut. Aut voluptatem iusto excepturi rem quo hic dignissimos. Modi cum accusamus molestiae commodi tempore quod modi.',
        3, 0, 1, 55),
       (16, 'dolorem', 16, '48460 Jacobi Plains Suite 778', '(55.73086,37.65691)', 100, 0, 0, '2', 0, '4',
        'Possimus nostrum aut fugiat. Cupiditate est perspiciatis tempora sapiente neque esse esse. Dolorem voluptates corporis maiores sunt ad quia aliquid. Voluptate velit vero fugiat rerum reprehenderit.',
        4, 0, 1, 103),
       (17, 'nostrum', 17, '425 Rogelio Lake Apt. 259', '(55.35876,37.46636)', 0, 0, 0, '4', 2873845, '10',
        'Enim harum quidem vero qui possimus iste non. Soluta nisi consectetur rerum neque delectus quibusdam. Sed impedit nostrum dolore itaque sint labore voluptatem.',
        1, 0, 1, 110),
       (18, 'eius', 18, '60823 Fay Skyway', '(55.38572,37.91596)', 0, 0, 0, '3', 502, '7',
        'Laborum aliquam et aut vero dolorem aperiam. Minus dignissimos ut repellendus velit quis harum impedit. Nemo eos ea temporibus error esse vitae.',
        2, 0, 1, 119),
       (19, 'nihil', 19, '3987 Buford River', '(55.23740,37.95505)', 50, 0, 0, '7', 231890258, '7',
        'Et error saepe ratione minus cupiditate ipsum quos nihil. Est eum praesentium numquam labore est neque omnis. Similique quae impedit ratione architecto eligendi tempore.',
        3, 0, 1, 24),
       (20, 'totam', 20, '909 Jordon Parks Suite 758', '(55.69282,37.71882)', 50, 0, 0, '4', 28, '8',
        'Id aut voluptatibus expedita voluptas perspiciatis. Ex pariatur tenetur est delectus qui officiis quae. Repellendus id maxime est laborum laudantium. Eaque quia perferendis repellat voluptas. Doloremque qui doloribus molestiae enim.',
        4, 0, 1, 2),
       (21, 'sed', 21, '692 Mohr View Suite 095', '(55.98779,37.25552)', 0, 0, 0, '7', 68, '3',
        'Hic repellendus aut laudantium et est sit. Officiis molestiae qui repellendus sit. Beatae natus libero cum. Ut fugit quidem sequi ea rerum. Omnis sit officiis quaerat ea aut est.',
        1, 0, 1, 60),
       (22, 'voluptatem', 1, '48454 Estell Mews', '(55.37328,37.81382)', 50, 0, 0, '4', 0, '7',
        'Impedit laborum animi aperiam eaque in optio tempora. Similique asperiores rerum laboriosam tempore dolores nihil rerum.',
        2, 1, 1, 53),
       (23, 'minima', 2, '756 Nettie Ford', '(55.36431,37.88218)', 0, 0, 0, '6', 226, '7',
        'Aut vel ea non qui nisi qui qui saepe. Dolorem tempora deserunt omnis dolores animi commodi. Culpa qui dolores omnis et.',
        3, 0, 1, 82),
       (24, 'natus', 3, '924 Krystal Haven', '(55.90524,37.92917)', 0, 0, 0, '6', 4, '5',
        'Aliquam consequatur consectetur eum nobis optio. Esse ut sint repellendus. Architecto amet eos ut dolorum.', 4,
        0, 1, 9),
       (25, 'minus', 4, '280 Julie Bypass', '(55.25672,37.85618)', 100, 0, 0, '2', 35, '1',
        'Laborum cum sunt sint distinctio qui rerum sunt. Molestias exercitationem laboriosam dolor impedit assumenda est vel quis. Porro ut mollitia pariatur voluptatem cupiditate nihil qui magni.',
        1, 0, 1, 42),
       (26, 'perferendis', 5, '82953 Earl Station Apt. 440', '(55.09467,37.84924)', 100, 0, 0, '9', 299658641, '2',
        'Laboriosam dolor dolore doloribus ut beatae ab amet molestiae. Voluptas non quia modi dolores officia ex. Molestias quia quisquam dolores et blanditiis. Eum excepturi maiores voluptatum fugit.',
        2, 0, 1, 59),
       (27, 'quae', 6, '66017 Macejkovic Center', '(55.58820,37.91848)', 50, 0, 0, '2', 118, '11',
        'Quo voluptatem eligendi impedit. Nihil explicabo aut necessitatibus et dolores quibusdam.', 3, 0, 1, 50),
       (28, 'omnis', 7, '9004 Farrell Crossing Suite 181', '(55.08088,37.00015)', 50, 0, 0, '5', 9944387, '6',
        'Molestiae accusantium cumque dolores. Rem repellendus sint id ut dolorum ipsa aliquid. Non quisquam voluptas quia voluptatem labore aut adipisci nulla.',
        4, 0, 1, 70),
       (29, 'et', 8, '274 Hickle Key Suite 171', '(55.69763,37.80131)', 0, 0, 0, '7', 1, '4',
        'Inventore aut doloremque numquam eos voluptatem. Corporis nesciunt qui laboriosam iusto facilis harum doloribus. Qui possimus eius non minus quo suscipit hic et.',
        1, 0, 1, 81),
       (30, 'et', 9, '8495 Howe Oval Suite 043', '(55.55047,37.96830)', 0, 0, 0, '7', 12, '8',
        'Maxime et rerum minima. Similique et amet libero aut quaerat laudantium aut. Molestiae et sed nihil beatae laudantium velit veniam excepturi. Amet rerum eos et eaque.',
        2, 0, 1, 74),
       (31, 'dolores', 10, '5152 Schamberger Ridges Suite 403', '(55.28406,37.62798)', 50, 0, 0, '6', 37066812, '7',
        'Officia sapiente quia incidunt sapiente nulla illo distinctio. Maiores exercitationem necessitatibus asperiores excepturi.',
        3, 0, 1, 3),
       (32, 'qui', 11, '604 Alycia Islands Apt. 128', '(55.23856,37.94988)', 0, 0, 0, '4', 323, '7',
        'Nulla nam aut sint quos. Sed consectetur aut itaque est. Suscipit suscipit explicabo recusandae sit aut.', 4,
        0, 1, 36),
       (33, 'dolores', 12, '35493 Aaliyah Parks', '(55.10891,37.23173)', 100, 0, 0, '8', 4, '11',
        'Qui illum eveniet ut ipsum placeat. Dolor id ad quas enim voluptatem vero fuga. Vero doloribus minima eius consectetur consequatur consequatur. Cumque accusamus quia quis nam repellat at autem omnis.',
        1, 0, 1, 48),
       (34, 'ut', 13, '61197 Craig Keys', '(55.62756,37.58370)', 50, 0, 0, '4', 0, '1',
        'Doloremque et dicta iure incidunt suscipit. Laborum earum tenetur est aut. Omnis ea rerum autem doloribus autem.',
        2, 0, 1, 12),
       (35, 'quos', 14, '63221 Colton Grove Suite 119', '(55.62375,37.33703)', 100, 0, 0, '8', 27619560, '8',
        'Molestias voluptate illum non. Ut nisi illo expedita nobis. Ut distinctio et est.', 3, 0, 1, 35),
       (36, 'debitis', 15, '82463 Cassin Highway Apt. 102', '(55.45955,37.06095)', 50, 0, 0, '7', 336, '7',
        'Dolore voluptatem quas enim quia sed necessitatibus quos. Cupiditate voluptates sit est suscipit. Unde dolorem iusto ut beatae ea magnam quisquam. Aut et est voluptatem possimus.',
        4, 0, 2, 144),
       (37, 'assumenda', 16, '06836 Reichert Knoll Suite 570', '(55.45012,37.20592)', 0, 0, 0, '1', 94116388, '7',
        'Sunt tenetur laborum unde repellendus reiciendis. Tempora aut consectetur qui et vero. Dolorem rerum quia rerum assumenda numquam mollitia ducimus.',
        1, 0, 1, 20),
       (38, 'sed', 17, '01459 Kovacek Unions', '(55.94436,37.80684)', 0, 0, 0, '3', 52, '10',
        'Ut atque velit voluptas et. Dolore nisi molestias necessitatibus blanditiis. Expedita ipsam in est voluptas. Et ut ullam nobis voluptatum voluptates.',
        2, 0, 1, 116),
       (39, 'quis', 18, '7413 Greenfelder Pines', '(55.72740,37.57509)', 50, 0, 0, '2', 0, '9',
        'Odio repudiandae quia fugiat sed rem non. Consectetur natus temporibus est sunt amet enim maiores. Fugit ab vero et expedita earum omnis.',
        3, 0, 1, 32),
       (40, 'quia', 19, '107 Raoul Expressway', '(55.44625,37.04055)', 50, 0, 0, '6', 14253, '6',
        'Ea eum nisi labore quae quibusdam. Ad aut quo error voluptatem et ex et. Assumenda qui perferendis quia molestiae beatae id. Odio nobis vero totam incidunt omnis.',
        4, 0, 1, 56),
       (41, 'est', 20, '9644 Emmalee Turnpike', '(55.64202,37.33073)', 50, 0, 0, '6', 43484967, '8',
        'Aut et culpa dolor placeat magni. Voluptas dolores voluptatem aut. Non optio iure impedit eaque distinctio tenetur sed. Enim fugiat ducimus tempore id. Totam aut nobis minus tenetur nulla autem necessitatibus.',
        1, 0, 1, 62),
       (42, 'alias', 21, '58684 Lane Vista Suite 939', '(55.14920,37.24345)', 50, 0, 0, '1', 35379, '2',
        'Magnam unde et sit quaerat et odio. Quibusdam illum nemo ex. Minus consequatur sunt pariatur tenetur voluptas.',
        2, 0, 1, 22),
       (43, 'adipisci', 1, '7640 Angelica Islands', '(55.38337,37.52289)', 100, 0, 0, '7', 9, '10',
        'Consectetur et possimus facere impedit facilis qui iure dolores. Excepturi porro quasi nam molestiae. Illo expedita dolor saepe dolores natus qui consequuntur aliquam.',
        3, 0, 1, 45),
       (44, 'aliquam', 2, '0222 Ines Crossing', '(55.87880,37.23750)', 0, 0, 0, '4', 1, '2',
        'In iusto velit vitae est minima. Laboriosam sed eum ut esse hic. Sunt omnis ut ea aut et et.', 4, 0, 1, 36),
       (45, 'ea', 3, '37150 Jennie Club', '(55.07577,37.50554)', 50, 0, 0, '1', 985, '5',
        'Dignissimos facere dolorem nobis et odit iure magnam. Aut molestiae doloremque error deleniti pariatur. Amet delectus perferendis quidem excepturi quod temporibus. Est aperiam voluptatum itaque aperiam dolores.',
        1, 0, 1, 46),
       (46, 'molestiae', 4, '80809 Schneider Fields Suite 689', '(55.82539,37.04581)', 0, 0, 0, '2', 21503565, '2',
        'Et doloremque nostrum accusamus deleniti aliquid cumque et. Optio dolore cum accusamus repellat. Ea nobis dolor quia consequatur.',
        2, 0, 1, 1),
       (47, 'eius', 5, '155 Jaden Courts', '(55.66021,37.50344)', 100, 0, 0, '2', 7, '8',
        'Cumque ut ad ab eum est voluptatum assumenda nobis. Sed nesciunt nihil ut est sed facere. Rerum doloribus saepe fuga voluptatem. Impedit sed voluptate nesciunt exercitationem occaecati rerum voluptas.',
        3, 0, 1, 108),
       (48, 'officiis', 6, '87172 Virginie Villages', '(55.09913,37.52100)', 100, 0, 0, '2', 10508565, '5',
        'Cum repudiandae ex sed voluptatibus omnis. Voluptatem exercitationem quia tenetur voluptatum. Est rerum voluptas rerum culpa at incidunt est.',
        4, 0, 1, 51),
       (49, 'expedita', 7, '6536 Harley Mills Apt. 820', '(55.90732,37.33460)', 0, 0, 0, '2', 212548013, '8',
        'Voluptatem omnis omnis maxime in doloremque magni. Repellendus quaerat officia et quasi. Labore necessitatibus doloremque enim aut voluptatem qui rerum. Sequi deleniti tempore voluptatem et nihil eum.',
        1, 0, 1, 50),
       (50, 'qui', 8, '3686 Charlene Roads Suite 472', '(55.40423,37.82463)', 50, 0, 0, '8', 0, '3',
        'Illum soluta nobis ut harum. Quas est deserunt assumenda cupiditate ipsa et. Cum dolorem est animi illum amet nihil.',
        2, 0, 1, 99),
       (51, 'voluptas', 9, '298 Leann Stream', '(55.02455,37.06083)', 0, 0, 0, '6', 482289, '4',
        'Incidunt dignissimos suscipit maxime architecto. Consequatur ad minus provident sint iure ipsum distinctio. Est est inventore deserunt blanditiis maiores.',
        3, 0, 1, 101),
       (52, 'suscipit', 10, '9882 Leila Dale', '(55.38735,37.17736)', 50, 0, 0, '9', 1452032, '3',
        'Provident sequi asperiores culpa voluptate et repellendus esse. Sit sit ut nam fugit aut eum eius. Atque enim eos repudiandae molestiae. Velit nam quo fugiat debitis laborum odio quis.',
        4, 0, 1, 89),
       (53, 'necessitatibus', 11, '418 Swaniawski Greens', '(55.93700,37.64478)', 100, 0, 0, '6', 30, '2',
        'Nihil omnis est inventore et nobis id. Rem aliquam omnis corrupti porro dolorem magni incidunt quod. Quidem dolores qui dolores eius. Alias dignissimos dolor eligendi aut illo blanditiis.',
        1, 0, 1, 19),
       (54, 'vel', 12, '6633 Madisen Mill Apt. 825', '(55.86196,37.49334)', 0, 0, 0, '1', 33, '7',
        'Doloribus autem non qui quisquam. Facere ut aut nulla deleniti aspernatur.', 2, 0, 1, 68),
       (55, 'dolor', 13, '439 Carter Divide Apt. 032', '(55.23712,37.42859)', 0, 0, 0, '9', 65331, '2',
        'Ut quas voluptates voluptates rem quasi atque in. Dolor est voluptatem ducimus qui vitae fuga. Dolor illo labore qui quis. Laborum et non dolore dicta maiores.',
        3, 0, 1, 44),
       (56, 'nemo', 14, '81551 Schowalter Stravenue', '(55.20056,37.08849)', 100, 0, 0, '9', 9217, '3',
        'Iure quas aliquam pariatur modi sint necessitatibus. A eligendi iste rerum praesentium sit odio. Maxime maxime molestiae voluptas voluptatem quas. Ut sequi saepe ea nemo ipsum.',
        4, 0, 1, 12),
       (57, 'aut', 15, '0411 Zackary Flats Suite 425', '(55.56809,37.16135)', 100, 0, 0, '9', 0, '11',
        'Eos architecto sint cupiditate. Assumenda voluptatibus veritatis ad vitae omnis incidunt quos. Optio laborum rerum aut natus corrupti id. Et et dicta quis doloremque beatae.',
        1, 0, 1, 52),
       (58, 'voluptas', 16, '943 Mayer Corners Apt. 125', '(55.62489,37.85711)', 50, 0, 0, '4', 332692462, '2',
        'Nihil eius dolore pariatur et quo sint aperiam. Est incidunt est cumque id in et delectus. Quia suscipit sint quas.',
        2, 0, 1, 100),
       (59, 'eligendi', 17, '5505 Michele Crossing Suite 263', '(55.45905,37.20545)', 50, 0, 0, '4', 2496618, '10',
        'Rerum omnis accusamus quia molestiae labore sit. Consequuntur cumque qui alias unde. Cum rerum eos unde ratione cumque totam repellendus. Sit libero quo qui omnis natus sed consequuntur praesentium. Iusto nisi commodi consequatur quod consequuntur.',
        3, 0, 1, 104),
       (60, 'eos', 18, '969 Lang Landing Suite 167', '(55.67525,37.11170)', 50, 0, 0, '3', 85042409, '9',
        'A est inventore praesentium a soluta nobis autem amet. Amet laboriosam incidunt commodi quas.', 4, 0, 1, 96),
       (61, 'adipisci', 19, '47009 Trenton Throughway Suite 307', '(55.30061,37.39205)', 0, 0, 0, '4', 6, '4',
        'Dolores voluptatem sunt est aut voluptas tempora saepe. Amet qui quibusdam architecto iure dolores alias maiores. Possimus odio commodi qui optio doloribus ab ratione exercitationem.',
        1, 0, 1, 46),
       (62, 'laudantium', 20, '4664 Rosalind Inlet Suite 211', '(55.44341,37.98594)', 50, 0, 0, '8', 23385206, '1',
        'Consectetur explicabo voluptate dignissimos odio maxime harum quisquam eaque. Consectetur ut et esse dicta et sit. Nobis ea ea magni soluta hic voluptas sequi. Labore alias asperiores est officia.',
        2, 0, 1, 63),
       (63, 'aut', 21, '55363 Katelynn Prairie', '(55.03548,37.89056)', 0, 0, 0, '5', 31064174, '2',
        'Inventore voluptas quidem voluptatem asperiores officia est rerum maxime. Ut magni adipisci consequuntur nam provident labore eius. Dolores et fugit eaque quia.',
        3, 0, 1, 58),
       (64, 'ex', 1, '86859 Ludie Skyway Suite 537', '(55.81425,37.70743)', 100, 0, 0, '6', 8121, '7',
        'Omnis ullam nulla hic quia harum qui. Aut et ut nesciunt aspernatur quis aliquam velit. Architecto et voluptatem rerum et doloribus. Autem labore distinctio voluptas veritatis cum.',
        4, 0, 1, 99),
       (65, 'cupiditate', 2, '611 Hills Crescent', '(55.27907,37.55390)', 0, 0, 0, '1', 45389, '8',
        'Enim et libero voluptatibus ex. Rem in omnis ea suscipit inventore rerum.', 1, 0, 1, 77),
       (66, 'quia', 3, '8877 Abel Falls Apt. 721', '(55.21227,37.22045)', 0, 0, 0, '3', 3261, '9',
        'Est a aut et. Dolorem tempore dolor voluptatum autem iusto ratione. Et ab autem officia illum velit enim. Facilis architecto officiis quibusdam soluta sed.',
        2, 0, 1, 87),
       (67, 'maxime', 4, '22037 Marcelino Stream', '(55.94720,37.36762)', 0, 0, 0, '3', 11, '9',
        'Ipsum et vitae eos qui quis enim magnam. Autem aut dolorem laborum consequatur. Magnam quas non aperiam commodi assumenda. Ut odio aliquid voluptatem reprehenderit.',
        3, 0, 1, 85),
       (68, 'rerum', 5, '64044 Miller Lodge Suite 170', '(55.16517,37.24326)', 50, 0, 0, '6', 0, '1',
        'Cupiditate doloremque dolorem numquam et. Ullam amet exercitationem rerum id vel veniam vel ea.', 4, 0, 1, 41),
       (69, 'aspernatur', 6, '16130 Okuneva Spur', '(55.44299,37.87152)', 100, 0, 0, '7', 136611291, '7',
        'Consequatur autem et in magni aut. Voluptatem quo aperiam non minima provident quia. Aliquam laborum quis voluptatibus saepe.',
        1, 0, 1, 70),
       (70, 'id', 7, '4353 Fahey Radial', '(55.79168,37.99354)', 0, 0, 0, '3', 11, '11',
        'Ut amet nihil est quia officia. Molestiae modi necessitatibus saepe. Ipsam quasi et nostrum dolorum est quam.',
        2, 0, 1, 104),
       (71, 'quas', 8, '5607 Stiedemann Ford', '(55.20032,37.62806)', 100, 0, 0, '3', 0, '8',
        'Consequatur exercitationem molestiae ratione dolore possimus. Maiores soluta earum doloremque aut assumenda quas est nesciunt. Molestias ab ad aut quia consequatur.',
        3, 0, 1, 70),
       (72, 'vero', 9, '6198 Batz Plains', '(55.38955,37.97963)', 0, 0, 0, '4', 4, '11',
        'Voluptatem possimus magni dolores pariatur sit voluptatem est. Corporis laborum est magni officia velit. Asperiores minus consequatur non distinctio saepe sit officia officia.',
        4, 0, 1, 35),
       (73, 'accusantium', 10, '5012 Bergnaum Alley', '(55.25998,37.28305)', 0, 0, 0, '8', 3722636, '7',
        'Consequatur non ut fugit dicta magnam. Quam quam reprehenderit sequi quisquam aut. Modi vitae officiis ut et molestiae excepturi deserunt.',
        1, 0, 1, 87),
       (74, 'qui', 11, '95762 Rex Ports', '(55.34645,37.57726)', 0, 0, 0, '1', 22215126, '10',
        'Atque aut repellat voluptatem vel. Amet impedit culpa consequuntur deserunt consequuntur accusamus consequatur. Voluptas eum eum sapiente animi explicabo repudiandae.',
        2, 0, 1, 87),
       (75, 'accusamus', 12, '42189 Astrid Mission Suite 175', '(55.06151,37.65402)', 0, 0, 0, '9', 52243470, '10',
        'Molestias quia omnis ullam harum dignissimos atque aut. Autem expedita recusandae sed et. Voluptatum rem quis earum sit. Autem et illum qui unde. Dolorum nostrum iusto facilis dolorum quis illum mollitia.',
        3, 0, 1, 53),
       (76, 'fugiat', 13, '29068 Mosciski Brook Apt. 342', '(55.65800,37.17206)', 100, 0, 0, '2', 0, '4',
        'Explicabo placeat omnis ipsa porro. Sint consequuntur sit cumque in reiciendis aut quibusdam error. Et exercitationem nesciunt sint consequuntur veritatis est ipsa.',
        4, 0, 1, 5),
       (77, 'suscipit', 14, '071 Heber Drives Suite 013', '(55.94194,37.53771)', 50, 0, 0, '8', 401346649, '2',
        'Placeat qui nisi et quisquam quidem. Nisi aut aperiam explicabo tempora. Doloribus dolor non laborum quia doloribus. Omnis similique libero sequi dignissimos. Fugiat omnis ut qui sed.',
        1, 0, 1, 105),
       (78, 'sed', 15, '41123 Cindy Causeway Apt. 150', '(55.61284,37.44226)', 0, 0, 0, '6', 0, '4',
        'Qui voluptatem ullam minima. Modi asperiores aut asperiores aspernatur. Voluptatem ut cum quos dolorem ullam. Et voluptates tenetur tempore omnis.',
        2, 0, 1, 28),
       (79, 'sapiente', 16, '55603 Blanda Station Apt. 201', '(55.94531,37.13646)', 0, 0, 0, '4', 23421, '1',
        'A sint aut perspiciatis atque vel cum facere. Voluptatum delectus quisquam quo rerum. Totam culpa in sit ut.',
        3, 0, 1, 67),
       (80, 'earum', 17, '17227 Christina Plains Suite 539', '(55.22103,37.00933)', 50, 0, 0, '3', 23, '11',
        'Eum dolores aut a omnis illo sequi. Sint ut quisquam et placeat quis. Eius amet velit consectetur enim velit ab facere quam. Vero quod amet ut numquam quis.',
        4, 0, 1, 9),
       (81, 'recusandae', 18, '92799 Kiehn Inlet Apt. 250', '(55.65811,37.98042)', 100, 0, 0, '1', 185005, '10',
        'Debitis ea sapiente et excepturi qui facere. Rem in cum a sint quasi.', 1, 0, 1, 83),
       (82, 'odio', 19, '76524 Ullrich Keys Suite 079', '(55.38052,37.26241)', 50, 0, 0, '7', 64073, '7',
        'Error sed et animi numquam sint et eos. Minus quis facilis magnam qui non facilis eos.', 2, 0, 1, 24),
       (83, 'placeat', 20, '4369 Legros Estates Suite 082', '(55.81660,37.35762)', 50, 0, 0, '5', 226040, '4',
        'Qui veniam at omnis officiis. Aut maxime a ut consequuntur ut harum pariatur. Temporibus porro quia consequatur aut. Voluptatem nemo esse amet.',
        3, 0, 1, 113),
       (84, 'consequatur', 21, '0113 Legros Square', '(55.81094,37.56796)', 100, 0, 0, '3', 3570, '5',
        'Necessitatibus blanditiis hic et distinctio repellat. Dolores quis reprehenderit qui eos quo non. Repellendus atque debitis iste eaque sint et quae.',
        4, 0, 1, 9),
       (85, 'vel', 1, '9301 McCullough Hollow', '(55.89584,37.26409)', 0, 0, 0, '5', 234581, '6',
        'Repellat voluptatem omnis omnis voluptas sint aut. Blanditiis libero error rerum quia facere dicta. Sunt et alias omnis magnam porro. Ab et rem eos.',
        1, 0, 1, 68),
       (86, 'dolor', 2, '139 Gulgowski Camp', '(55.42040,37.27331)', 100, 0, 0, '9', 659573, '5',
        'Dignissimos sed ducimus qui eveniet voluptatem saepe. Rem dolor dolorem esse sit et. Veniam nihil explicabo ab saepe quo sunt voluptatem autem. Porro ut nostrum tempore quas.',
        2, 0, 1, 69),
       (87, 'eum', 3, '29156 Pacocha Glen', '(55.99037,37.64835)', 0, 0, 0, '7', 70327352, '9',
        'Porro a voluptatum dolor magni delectus. Eum illum dolores est voluptatum. Est molestiae aliquid qui officiis inventore.',
        3, 0, 1, 20),
       (88, 'similique', 4, '58510 Corkery Plain', '(55.49363,37.31838)', 100, 0, 0, '2', 0, '4',
        'Omnis maiores deserunt amet voluptas rerum. Sunt rem voluptatem suscipit voluptas et dolorem aperiam. Sit id quisquam fuga accusamus quia eos. Hic deleniti aperiam aut.',
        4, 0, 1, 13),
       (89, 'ex', 5, '06636 Schuppe Light', '(55.21178,37.78804)', 50, 0, 0, '9', 960922, '2',
        'Incidunt perspiciatis quisquam reprehenderit. Reiciendis sit voluptatibus rerum consequuntur sit. Reiciendis quas quis sit et. Dolorum placeat quia enim qui et autem tempora.',
        1, 0, 1, 7),
       (90, 'qui', 6, '47215 Becker Heights', '(55.47322,37.26285)', 50, 0, 0, '5', 35571551, '3',
        'Quam eius assumenda sint sint reprehenderit. Laborum suscipit perferendis totam corporis. Labore fugit et odio est quis. Aliquid impedit consequuntur eligendi assumenda possimus quos officia.',
        2, 0, 1, 115),
       (91, 'nobis', 7, '9797 Donavon Streets', '(55.27651,37.40744)', 50, 0, 0, '8', 2956350, '2',
        'Consectetur vel unde et praesentium voluptates saepe nostrum. Repellat distinctio explicabo aut dolore. Quo ut atque recusandae.',
        3, 0, 1, 69),
       (92, 'non', 8, '7496 Ratke Tunnel', '(55.55246,37.68673)', 0, 0, 0, '5', 74944, '7',
        'Consequuntur quasi quia perferendis ut aperiam aperiam nisi. Debitis quia vel eaque est ipsum sint nemo. Officiis accusantium cumque repudiandae ipsa. Delectus est dolorem fuga nihil.',
        4, 0, 1, 120),
       (93, 'culpa', 9, '15606 Boyle Coves', '(55.13283,37.68533)', 100, 0, 0, '4', 6, '11',
        'Deserunt ipsam tenetur nemo explicabo ut iure. Harum voluptas impedit adipisci iste adipisci ipsum necessitatibus. Doloribus quaerat quos iste. Consectetur quo asperiores amet facilis.',
        1, 0, 1, 31),
       (94, 'qui', 10, '770 Chadd Falls', '(55.79666,37.04800)', 50, 0, 0, '6', 2, '5',
        'Rerum praesentium repellat quos dolores ipsum. Distinctio voluptatem sequi et. Non minus et ut deleniti molestiae voluptatem doloribus. Sint pariatur qui ut ut quod expedita.',
        2, 0, 1, 35),
       (95, 'incidunt', 11, '64393 Conn Stravenue Suite 748', '(55.57933,37.19901)', 0, 0, 0, '8', 77, '6',
        'Illo atque ut nam minima maxime. Minima non amet nobis. Et sed necessitatibus impedit voluptatem et dolores ducimus.',
        3, 0, 1, 82),
       (96, 'nesciunt', 12, '742 Rosalia Trafficway', '(55.66835,37.59422)', 50, 0, 0, '2', 286, '3',
        'Dolores repellat sequi earum odit nulla. Et dolores aliquam nesciunt velit cupiditate atque commodi. Eligendi totam reprehenderit libero doloribus ipsa.',
        4, 0, 1, 63),
       (97, 'vero', 13, '80185 Jeramie Spur', '(55.41886,37.89758)', 50, 0, 0, '2', 3870321, '4',
        'Consequatur doloremque officiis fugit et ex. Assumenda saepe voluptas impedit placeat. Blanditiis dolor occaecati esse qui.',
        1, 0, 1, 69),
       (98, 'error', 14, '0727 Robel Meadows Suite 687', '(55.77324,37.44118)', 0, 0, 0, '3', 7, '7',
        'Quas alias qui ab. Unde non aspernatur consequatur velit enim.', 2, 0, 1, 36),
       (99, 'maxime', 15, '26691 Abe Inlet', '(55.59914,37.70300)', 100, 0, 0, '3', 5375099, '11',
        'Placeat deleniti porro in dolor est ea quia qui. Vitae earum voluptatem accusantium quasi. Ipsum debitis quas nostrum sunt. Magnam dolore molestias ut dolore assumenda.',
        3, 0, 1, 90),
       (100, 'voluptatem', 16, '5964 Nolan Haven Apt. 353', '(55.58838,37.30274)', 0, 0, 0, '8', 542221591, '11',
        'Ratione at at natus alias dolores. Quidem ut cumque rerum et excepturi.', 4, 0, 1, 101),
       (1001, 'vel', 1, '01788 Bechtelar Gardens Apt. 932', '(55.93094,37.08574)', 100, 0, 0, '1', 10, '6',
        'Molestiae dignissimos voluptatem a distinctio in totam qui. Omnis quae voluptatibus autem excepturi eaque est temporibus. Id non repellat asperiores natus ipsam. Accusantium aut voluptates explicabo tempora est ut voluptatem. Quia aliquid nostrum rem eaque non consequatur.',
        1, 0, 1, 115),
       (1002, 'et', 2, '1180 Cornell Flats Suite 087', '(55.93094,37.08574)', 100, 0, 0, '2', 17305, '4',
        'Non ipsam dolorem amet aliquid adipisci doloremque. Ipsum voluptatibus provident facilis sed quia quae quis. Placeat perferendis odio sapiente autem repellat. Est quia eaque corporis id incidunt.',
        2, 0, 1, 28),
       (1003, 'atque', 3, '69178 Bayer Bridge', '(55.93094,37.08574)', 50, 0, 0, '6', 170790481, '6',
        'Sed itaque ducimus eos aliquam quaerat est. Cupiditate adipisci nostrum consequatur fugiat eum. Quia voluptatum odio quo. Neque numquam et dignissimos similique earum.',
        3, 0, 1, 36),
       (1004, 'qui', 4, '00709 Schiller Via Apt. 243', '(55.93094,37.08574)', 0, 0, 0, '5', 310552071, '10',
        'Dolorem modi mollitia molestias corrupti illum. Aut eveniet dolorem qui officia nesciunt quia. Dignissimos quae dolor aut fugit dolore nihil.',
        4, 0, 1, 97);

INSERT INTO `catalog_sections` (`id`, `name`, `alias`)
VALUES (1, 'venues', 'Площадки'),
       (2, 'artists', 'Артисты'),
       (3, 'models', 'Модели'),
       (4, 'transport', 'Транспорт'),
       (99, 'adverts', 'Объявления');

INSERT INTO `hash_tags` (`id`, `title`)
VALUES (1, 'Клубный дом'),
       (2, 'Квартира'),
       (3, 'апартаменты'),
       (4, 'лофт'),
       (5, 'кирпич'),
       (6, 'студия'),
       (7, 'домашний кинотеатр'),
       (8, 'столовая комната'),
       (9, 'барная стойка'),
       (10, 'терраса'),
       (11, 'винтовая лестница'),
       (12, 'детская комната'),
       (13, 'хэштег'),
       (14, 'камин'),
       (15, 'проектор'),
       (27, 'панорамные окна'),
       (28, 'дизайнерский ремонт'),
       (29, 'гостиная'),
       (30, 'кинотеатр'),
       (31, 'балкон'),
       (32, 'библиотека'),
       (33, 'мансарда');

INSERT INTO `hash_tags_with_catalog_section` (`hash_tag_id`, `catalog_section_id`)
VALUES (1, 1),
       (2, 1),
       (3, 1),
       (4, 1),
       (5, 1),
       (6, 1),
       (8, 1),
       (11, 1),
       (12, 1),
       (14, 1),
       (15, 1),
       (27, 1),
       (28, 1),
       (29, 1),
       (30, 1),
       (31, 1),
       (32, 1),
       (33, 1);

INSERT INTO `photos` (`id`, `src`, `album_id`)
VALUES (28, '/uploads/80/3b/2640f94ab9214a7897dca9c39296fd64.jpg', 3),
       (29, '/uploads/80/3b/2c03c1d5b2de7782c8aa8cbbb61f029c.jpg', 3),
       (30, '/uploads/80/3b/01a5718389c9c38a6b282f4da752f2b1.jpg', 3),
       (31, '/uploads/80/3b/2daf20cbe2a1ff50d19619a0931df0a9.jpg', 3),
       (32, '/uploads/80/3b/0a136a1def90dcecc54097cfdd886faf.jpg', 3),
       (33, '/uploads/80/3b/850e045e4f0715093352cd8a2cfb2270.jpg', 3),
       (34, '/uploads/80/3b/99fde99ba9f9d78afb2a8ed8910be146.jpg', 3),
       (35, '/uploads/80/3b/63b8119d3ef00855a6d8528429d771e2.jpg', 3),
       (36, '/uploads/80/3b/95cc9f7d1ad94954c05b3218606b5acd.jpg', 3),
       (37, '/uploads/80/3b/dd33746dc8f20ff126aaae2e529178c2.jpg', 3),
       (38, '/uploads/33/64/7672ecb96e8f6cc971d61710ce52a008.jpg', 4),
       (39, '/uploads/33/64/3fe4bed49203a83129906f4f6f4b0766.jpg', 4),
       (40, '/uploads/33/64/a2f789d74bec693d6b46a64ec6a35211.jpg', 4),
       (41, '/uploads/33/64/31f8f8e0a358553a1827a3c799368aa5.jpg', 4),
       (42, '/uploads/33/64/6388418944ad6239a085a044482bf361.jpg', 4),
       (43, '/uploads/33/64/caf8852fced97d71df7472df12d3268b.jpg', 4),
       (44, '/uploads/33/64/cec135dc1ea810477174f0ad8e922f4d.jpg', 4),
       (45, '/uploads/33/64/f7f59bcd13a430e93ea725313e0214de.jpg', 4),
       (46, '/uploads/33/64/743f7ad675e7ca5126c6e519b75869c7.jpg', 4),
       (47, '/uploads/33/64/23292613cc4c8801f396ed4f34394cb0.jpg', 4),
       (48, '/uploads/33/64/04411a3366d534dbf3cb79363b1dd017.jpg', 4),
       (49, '/uploads/33/64/b7a384ad24fc13573f239c04c8182532.jpg', 4),
       (50, '/uploads/33/64/fedbeafe97a1543133ede1a38519f74e.jpg', 4),
       (51, '/uploads/33/64/aa08fc4145afe106d1f1d2389a7c98b6.jpg', 4),
       (52, '/uploads/33/64/4c14ee63f6ed186ed7e1e049a403c0b6.jpg', 4),
       (53, '/uploads/33/64/214d714b3114cfb69477a4e6988e2dcf.jpg', 4),
       (54, '/uploads/33/64/f44e8a9e2cb9a2ea4cfd8d707c383cab.jpg', 4),
       (55, '/uploads/33/64/20384595bab2f98dde08ec61518859d1.jpg', 4),
       (56, '/uploads/33/64/dbec1b242f944ac2def9bb2f95d3b570.jpg', 4),
       (57, '/uploads/33/64/3d1602730815a862b9593645620a0632.jpg', 4),
       (58, '/uploads/cf/fb/31b4fca071cbce9ec1173adfdc124c7b.jpg', 4),
       (59, '/uploads/cf/fb/395ffb232d345bfa7747296678b80596.jpg', 4),
       (60, '/uploads/cf/fb/f31cc6be19c906f8c75ceb9820487a7f.jpg', 4),
       (61, '/uploads/cf/fb/e7e45a5d78b0e8072abe7cd22cf0b9ce.jpg', 4),
       (62, '/uploads/cf/fb/2bb7f7f5617791df51be563bc6e7978b.jpg', 4),
       (63, '/uploads/cf/fb/318b6456961196fe74afe241ae771965.jpg', 4),
       (64, '/uploads/cf/fb/a39fc996a019bc7d66ce85fae791cd8d.jpg', 4),
       (65, '/uploads/cf/fb/a093ead069298f0e1d958006482808a1.jpg', 4),
       (66, '/uploads/cf/fb/7a5216dd4625ff460c082ec3e057883a.jpg', 4),
       (67, '/uploads/cf/fb/01325c2e39e5ef82ffc0b32b3732ba6d.jpg', 4),
       (68, '/uploads/cf/fb/7317b808348df9e11c2231ec1baccb73.jpg', 4),
       (69, '/uploads/cf/fb/45165faf1a4d0c43c9d0a1ec8bb5aad1.jpg', 4),
       (70, '/uploads/cf/fb/97cc1db2aa2342405c09e4caeaf11346.jpg', 4),
       (71, '/uploads/cf/fb/f7be6771c014f5139fcd6226a52a02b3.jpg', 4),
       (72, '/uploads/cf/fb/311598f90ee149e8533fd1da90b4429a.jpg', 4),
       (73, '/uploads/cf/fb/70f700b64f06b2a1f6f3adb5e6813469.jpg', 4),
       (74, '/uploads/cf/fb/033d4be4263d96dec37e78004e1b70ff.jpg', 4),
       (75, '/uploads/cf/fb/a4c37d9f224900ed6f4e25ae11a164cd.jpg', 4),
       (76, '/uploads/cf/fb/31aaa1231657b200378a5984d2f5752c.jpg', 4),
       (77, '/uploads/cf/fb/b6b143639ac52346635816dce961cc39.jpg', 4),
       (78, '/uploads/5d/82/97424afc3b66fce63d78457677ff7f22.jpg', 4),
       (79, '/uploads/5d/82/5222b645892ad885870633515969a233.jpg', 4),
       (80, '/uploads/5d/82/c5d72da51a0c85c2673a68ada93a6026.jpg', 4),
       (81, '/uploads/5d/82/89e61ec59d7d9e2b98d12ea49e6a3ce6.jpg', 4),
       (82, '/uploads/ff/84/168a39987a96bcf363d7f27593948640.jpg', 1),
       (83, '/uploads/ff/84/8a69e9f63ca3699c2b9ff33c0b3d163b.jpg', 1),
       (84, '/uploads/ff/84/6ccc8aeeb945e059da01a4f72e8ec272.jpg', 1),
       (85, '/uploads/ff/84/c7f583c039094706856184f156c655ea.jpg', 1),
       (86, '/uploads/ff/84/a3d09ef5cfef413f92650eb3ec7a7543.jpg', 1),
       (87, '/uploads/ff/84/754440841bc733643fad6690d9e6352d.jpg', 1),
       (88, '/uploads/ff/84/8061f424ca694aa3a9bc95fa2793da2c.jpg', 1),
       (89, '/uploads/ff/84/35f9f84e36121fc5f6f9f298265f60dc.jpg', 1),
       (90, '/uploads/ff/84/38443222a6e473b62399db5246ba947d.jpg', 1),
       (91, '/uploads/ff/84/36558ec340be6d6b6d9154b2a64bb915.jpg', 1),
       (92, '/uploads/ff/84/db6cff02e950ec3f408dc86662b546bf.jpg', 1),
       (93, '/uploads/ff/84/a5dc4b95e07673a836fb6502617ceb0f.jpg', 1),
       (94, '/uploads/ff/84/c03e1f468b712da161cfab8e43a0851a.jpg', 1),
       (95, '/uploads/ff/84/af02424713e384498e150b45e0d1fa3b.jpg', 1),
       (96, '/uploads/ff/84/f98df843f8ca91785cfac5b900babd59.jpg', 1),
       (97, '/uploads/ff/84/477340e116329c003043ec1a5473ea62.jpg', 1),
       (98, '/uploads/ff/84/b682ca9de8212502d2dcf4c9d523d69b.jpg', 1),
       (99, '/uploads/ff/84/c9bb7ff5eec3f5aed1346d13e0af4ebd.jpg', 1),
       (100, '/uploads/ff/84/99b6c2118a516df3685d86e54612046a.jpg', 1),
       (101, '/uploads/d4/fb/fda8def93d65cc6053e0b0bc163272ef.jpg', 2),
       (102, '/uploads/d4/fb/48a9b2b2250496b58c38f18a56ea8404.jpg', 2),
       (103, '/uploads/d4/fb/08ce10ffac351595d29364b0bf15a964.jpg', 2),
       (104, '/uploads/d4/fb/7e06fc661a9f8cc7e1c954091f7dfc2d.jpg', 2),
       (105, '/uploads/d4/fb/97596a977b995faf6eb1ff7ca35feb57.jpg', 2),
       (106, '/uploads/d4/fb/daec670ea01c16bedaceaf2009ccb9be.jpg', 2),
       (107, '/uploads/d4/fb/281eb5bb390dd9b74cdbd5536fccb8e4.jpg', 2);

INSERT INTO `photo_albums` (`id`, `name`, `description`)
VALUES (1, 'Съёмки клипа для Tarkana Tevetoglu', 'Съёмки клипа для Tarkana Tevetoglu'),
       (2, 'Локейшн скаутинг в России', 'Локейшн скаутинг в России'),
       (3, 'Апартаменты в стиле лофт', 'Апартаменты в стиле лофт'),
       (4, 'Трёхуровневые апартаменты', 'Трёхуровневые апартаменты');

INSERT INTO `cities` (`id`, `title`)
VALUES (1, 'Москва'),
       (2, 'Санкт-Петербург'),
       (3, 'Волгоград'),
       (4, 'Владивосток'),
       (5, 'Воронеж'),
       (6, 'Екатеринбург'),
       (7, 'Казань'),
       (8, 'Калининград'),
       (9, 'Краснодар'),
       (10, 'Красноярск'),
       (11, 'Нижний Новгород'),
       (12, 'Новосибирск'),
       (13, 'Омск'),
       (14, 'Пермь'),
       (15, 'Ростов-на-Дону'),
       (16, 'Самара'),
       (17, 'Уфа'),
       (18, 'Хабаровск'),
       (19, 'Челябинск'),
       (20, 'Севастополь'),
       (21, 'Симферополь');
